manga_id,chapter_id,volume,chapter_number,translated_language,publish_at,readable_at,pages
0017ab16-4f1f-452a-99d2-5f7dec895a67,6f4ae831-18de-4e99-b12a-b9b92e8351a2,,10,en,2026-09-20T14:32:33+00:00,2026-09-20T14:32:33+00:00,62
0017ab16-4f1f-452a-99d2-5f7dec895a67,0b72f9f0-0aa5-42c9-a1db-676abf0aa7fb,,11,en,2026-09-21T12:51:57+00:00,2026-09-21T12:51:57+00:00,60
0017ab16-4f1f-452a-99d2-5f7dec895a67,f118c2a8-8bf8-47ac-a281-16b38d4e1160,,12,en,2026-09-22T12:42:23+00:00,2026-09-22T12:42:23+00:00,54
0017ab16-4f1f-452a-99d2-5f7dec895a67,8878a2c2-4fa0-4bd5-a8df-9fd64d7028eb,,13,en,2026-09-23T13:03:20+00:00,2026-09-23T13:03:20+00:00,65
0017ab16-4f1f-452a-99d2-5f7dec895a67,85bb2a8f-5b35-46c2-9e86-b7b1d9964608,,14,en,2026-09-24T21:47:42+00:00,2026-09-24T21:47:42+00:00,56
0017ab16-4f1f-452a-99d2-5f7dec895a67,a8246c8e-4eec-4d65-8c78-0d57903095ca,,15,en,2026-09-26T00:43:31+00:00,2026-09-26T00:43:31+00:00,57
0017ab16-4f1f-452a-99d2-5f7dec895a67,b5d51a0c-aa73-498c-ae22-72dc5d8dcded,,16,en,2026-09-27T00:06:47+00:00,2026-09-27T00:06:47+00:00,44
0017ab16-4f1f-452a-99d2-5f7dec895a67,78647cfb-ca3f-40cc-a037-44ada0ff39e0,,17,en,2026-09-27T22:16:13+00:00,2026-09-27T22:16:13+00:00,42
0017ab16-4f1f-452a-99d2-5f7dec895a67,a40099d9-cef5-4564-89b8-8b1c8d057930,,18,en,2026-09-29T12:05:45+00:00,2026-09-29T12:05:45+00:00,50
0017ab16-4f1f-452a-99d2-5f7dec895a67,c1a63f10-c97b-4837-8e33-eb146f056492,,19,en,2026-10-01T00:13:24+00:00,2026-10-01T00:13:24+00:00,43
00cbb62b-b002-464d-bda7-8e650338417e,db5e0868-1132-4176-9b20-12fa88145d59,,1,en,2026-09-18T10:11:09+00:00,2026-09-18T10:11:09+00:00,134
00cbb62b-b002-464d-bda7-8e650338417e,37d0a46d-9ae6-40be-b986-8c9a123313ef,,2,en,2026-09-19T06:02:47+00:00,2026-09-19T06:02:47+00:00,38
00cbb62b-b002-464d-bda7-8e650338417e,14ac2a32-b4b1-43b8-8636-6a17dd9e6231,,3,en,2026-09-19T07:45:01+00:00,2026-09-19T07:45:01+00:00,23
00cbb62b-b002-464d-bda7-8e650338417e,34781ce0-7d23-43f2-bfcd-fcd1f5053d30,,4,en,2026-09-23T09:13:08+00:00,2026-09-23T09:13:08+00:00,24
00cbb62b-b002-464d-bda7-8e650338417e,38bd6aea-ff23-421e-be2b-d6af4b97a67f,,5,en,2026-09-23T10:19:57+00:00,2026-09-23T10:19:57+00:00,28
00cbb62b-b002-464d-bda7-8e650338417e,223dd191-37ce-4907-be4d-80fa455d6ad9,,6,en,2026-09-23T15:25:26+00:00,2026-09-23T15:25:26+00:00,28
00cbb62b-b002-464d-bda7-8e650338417e,c6be23f3-b6ec-4623-91ac-82e6c5c51127,,7,en,2026-09-23T16:20:48+00:00,2026-09-23T16:20:48+00:00,29
00cbb62b-b002-464d-bda7-8e650338417e,c583895d-d4bb-4775-b29a-2f27c0771e58,,8,en,2026-09-30T07:16:04+00:00,2026-09-30T07:16:04+00:00,24
00cbb62b-b002-464d-bda7-8e650338417e,609a5357-3836-48ca-a0b0-f7cc37b4bfba,,10,en,2026-09-30T18:59:20+00:00,2026-09-30T18:59:20+00:00,23
00cbb62b-b002-464d-bda7-8e650338417e,479eea73-9728-4bcd-a1c9-b9f222149a65,,9,en,2026-09-30T21:24:52+00:00,2026-09-30T21:24:52+00:00,28
024daabd-a693-4f77-8d6a-7fd82e8b94f5,69bebe7b-98fa-4ecd-a8d1-4e5727c957db,,1,pt-br,2025-07-13T03:22:20+00:00,2025-07-13T03:22:20+00:00,131
024daabd-a693-4f77-8d6a-7fd82e8b94f5,b4a4677c-7b26-407e-9150-d06cf2c6ed53,,2,pt-br,2025-07-15T22:27:41+00:00,2025-07-15T22:27:41+00:00,88
024daabd-a693-4f77-8d6a-7fd82e8b94f5,8860bbaf-9d36-45f5-b533-d1730301be28,,3,pt-br,2025-07-24T01:51:28+00:00,2025-07-24T01:51:28+00:00,86
024daabd-a693-4f77-8d6a-7fd82e8b94f5,5d32f222-851f-486b-a119-176da79bc58a,,4,pt-br,2025-08-05T02:16:28+00:00,2025-08-05T02:16:28+00:00,98
0e117066-f6e7-44a7-a31f-34bf27b4e3fa,615501b7-0199-4b52-9477-3ffcd6657a30,1,1,fr,2026-09-13T19:51:59+00:00,2026-09-13T19:51:59+00:00,120
0ee13733-f3fd-45b5-8a9e-f306b29856e3,9a9f43a7-00b9-4334-900f-b448891198bf,,21,es-la,2024-07-19T22:53:01+00:00,2024-07-19T22:53:01+00:00,32
0ee13733-f3fd-45b5-8a9e-f306b29856e3,41e982ad-59a7-4dd4-a9aa-99e587d145c5,,22,es-la,2024-07-19T22:53:12+00:00,2024-07-19T22:53:12+00:00,23
0ee13733-f3fd-45b5-8a9e-f306b29856e3,88c4304c-6e9a-493a-a8d6-6575150f50c7,,23,es-la,2024-07-19T22:53:24+00:00,2024-07-19T22:53:24+00:00,21
0ee13733-f3fd-45b5-8a9e-f306b29856e3,5c55777e-af95-47ca-b35d-03a506234337,,24,es-la,2024-07-19T22:53:35+00:00,2024-07-19T22:53:35+00:00,34
0ee13733-f3fd-45b5-8a9e-f306b29856e3,dd16aaa8-e330-4ddc-b6b9-ad2636754c41,,25,es-la,2024-07-19T22:53:51+00:00,2024-07-19T22:53:51+00:00,41
0ee13733-f3fd-45b5-8a9e-f306b29856e3,d9186808-4009-440d-bea7-e0d5f4c9d6d8,,26,es-la,2024-07-19T22:53:59+00:00,2024-07-19T22:53:59+00:00,20
0ee13733-f3fd-45b5-8a9e-f306b29856e3,92d1f23c-7528-40de-b561-a50f13b94cf8,,27,es-la,2024-07-19T22:54:16+00:00,2024-07-19T22:54:16+00:00,46
0ee13733-f3fd-45b5-8a9e-f306b29856e3,17c4f969-64b8-48b9-a3ff-890826360bd8,,28,es-la,2024-07-19T22:54:30+00:00,2024-07-19T22:54:30+00:00,36
0ee13733-f3fd-45b5-8a9e-f306b29856e3,99633b9c-cd81-45e3-b80c-039f5e2fed8c,,29,es-la,2024-07-19T22:54:46+00:00,2024-07-19T22:54:46+00:00,40
0ee13733-f3fd-45b5-8a9e-f306b29856e3,10a31f54-947c-454e-8017-c403514a5c8c,,30,es-la,2024-07-19T22:55:00+00:00,2024-07-19T22:55:00+00:00,35
0ee13733-f3fd-45b5-8a9e-f306b29856e3,c08fd4c6-abff-4cb5-b214-bd7a726c7068,,31,es-la,2024-07-19T22:55:14+00:00,2024-07-19T22:55:14+00:00,38
0ee13733-f3fd-45b5-8a9e-f306b29856e3,e393c919-7629-4a7f-b33f-0d1972417cf5,,1,pt-br,2026-08-31T03:01:44+00:00,2026-08-31T03:01:44+00:00,
0ee13733-f3fd-45b5-8a9e-f306b29856e3,0f441fc7-7eab-416d-81e4-9ee16319f38b,,2,pt-br,2026-08-31T03:02:46+00:00,2026-08-31T03:02:46+00:00,
0ee13733-f3fd-45b5-8a9e-f306b29856e3,73d8d42d-02bd-402a-9d41-f19c0b8afb0d,,3,pt-br,2026-08-31T03:03:45+00:00,2026-08-31T03:03:45+00:00,
0ee13733-f3fd-45b5-8a9e-f306b29856e3,a7bfa4fc-0af3-4192-ba7e-23bff1e6637c,,4,pt-br,2026-08-31T03:04:45+00:00,2026-08-31T03:04:45+00:00,
0ee13733-f3fd-45b5-8a9e-f306b29856e3,62b517ea-273f-452c-9b3e-95ee07f9522e,,5,pt-br,2026-08-31T03:05:45+00:00,2026-08-31T03:05:45+00:00,
0ee13733-f3fd-45b5-8a9e-f306b29856e3,04dcb584-7cb5-43c3-b9b0-2fb1de93b055,,8,pt-br,2026-08-31T03:08:45+00:00,2026-08-31T03:08:45+00:00,
0ee13733-f3fd-45b5-8a9e-f306b29856e3,b6c6a142-0f7a-4bbe-8eca-dab83165bbf5,,10,pt-br,2026-08-31T03:10:46+00:00,2026-08-31T03:10:46+00:00,
0ee13733-f3fd-45b5-8a9e-f306b29856e3,0ca21564-53c1-482e-b2fc-7e7910c79f8e,,105,pt-br,2026-09-02T11:55:37+00:00,2026-09-02T11:55:37+00:00,
0ee13733-f3fd-45b5-8a9e-f306b29856e3,ab318727-3d6b-4c4e-b93e-2f2ed352692b,,106,pt-br,2026-09-09T05:50:11+00:00,2026-09-09T05:50:11+00:00,
105c2a3e-0235-44a4-9b8c-42ae2c555e4e,d2a970e9-8379-4eb2-a91a-387d0c95d6a8,,1,en,2021-12-27T14:45:38+00:00,2021-12-27T14:45:38+00:00,29
105c2a3e-0235-44a4-9b8c-42ae2c555e4e,e7b7f444-95b4-4c5e-b673-e1c30751e66d,,2,en,2021-12-27T14:49:28+00:00,2021-12-27T14:49:28+00:00,15
105c2a3e-0235-44a4-9b8c-42ae2c555e4e,d622707d-dcac-44e1-a074-56fb9379eebc,,3,en,2021-12-30T06:01:38+00:00,2021-12-30T06:01:38+00:00,21
105c2a3e-0235-44a4-9b8c-42ae2c555e4e,71bedc22-26c7-46bf-97a1-76cae2492b8b,,4,en,2021-12-30T06:03:45+00:00,2021-12-30T06:03:45+00:00,15
105c2a3e-0235-44a4-9b8c-42ae2c555e4e,6126321a-4a91-4a8e-9ab1-78e90db15235,,5,en,2022-01-03T03:57:25+00:00,2022-01-03T03:57:25+00:00,16
105c2a3e-0235-44a4-9b8c-42ae2c555e4e,ad89cebc-dcf1-4aa0-a42f-80a63d8fe967,,6,en,2022-01-03T04:06:34+00:00,2022-01-03T04:06:34+00:00,13
105c2a3e-0235-44a4-9b8c-42ae2c555e4e,82d0b603-71ea-4fe4-a3c1-4fba4e70deb7,,7,en,2022-01-08T15:24:19+00:00,2022-01-08T15:24:19+00:00,12
158bc0cc-e79e-4f13-a001-6d0abe9733ab,565da299-a4a4-4abe-ac94-e0fe7e6f6c6d,3,139,en,2025-06-23T17:58:45+00:00,2025-06-23T17:58:45+00:00,20
158bc0cc-e79e-4f13-a001-6d0abe9733ab,48ad4e6c-5be1-4846-b0df-98dae59d32ad,2,32,pt-br,2025-10-09T01:15:47+00:00,2025-10-09T01:15:47+00:00,56
158bc0cc-e79e-4f13-a001-6d0abe9733ab,7a948e08-4d67-4f98-a192-094d594ea5b4,2,33,pt-br,2025-10-09T01:17:41+00:00,2025-10-09T01:17:41+00:00,65
158bc0cc-e79e-4f13-a001-6d0abe9733ab,e4044c7d-b379-4375-89a3-a4b4b1e7b34e,2,34,pt-br,2025-10-13T23:20:41+00:00,2025-10-13T23:20:41+00:00,47
158bc0cc-e79e-4f13-a001-6d0abe9733ab,d98fe60a-475a-44f8-84b8-8b0de1009489,2,35,pt-br,2025-10-25T07:36:26+00:00,2025-10-25T07:36:26+00:00,55
158bc0cc-e79e-4f13-a001-6d0abe9733ab,bd7eb676-9994-4b96-8e34-379eeadd9321,2,36,pt-br,2025-11-03T03:50:41+00:00,2025-11-03T03:50:41+00:00,52
2b390cec-b461-485a-ad70-d900469f862b,1a862ecb-00c2-4ef3-bdb0-366a6e5cca46,,1,fr,2026-06-01T07:21:42+00:00,2026-06-01T07:21:42+00:00,115
2b390cec-b461-485a-ad70-d900469f862b,efe0c878-4a6c-4268-b701-d51330ebba67,,2,fr,2026-06-28T20:23:15+00:00,2026-06-28T20:23:15+00:00,93
2b390cec-b461-485a-ad70-d900469f862b,bef56bb3-0f67-4fde-99f9-80b9b1bcbe5b,,3,fr,2026-07-26T18:47:52+00:00,2026-07-26T18:47:52+00:00,91
2b390cec-b461-485a-ad70-d900469f862b,a77edd00-a5ca-45ce-a636-09aab3fb8af1,1,1,pt-br,2026-09-28T03:23:51+00:00,2026-09-28T03:23:51+00:00,58
2c4c69a9-0f92-4af9-b22b-5ae66c934c32,dc7909ef-8719-4f37-b0eb-8eb1a3d2f1ff,,1,en,2026-09-12T14:28:18+00:00,2026-09-12T14:28:18+00:00,68
2c4c69a9-0f92-4af9-b22b-5ae66c934c32,c1f14594-eefe-4125-820d-4b611a3cc188,,2,en,2026-09-12T14:29:46+00:00,2026-09-12T14:29:46+00:00,53
2c4c69a9-0f92-4af9-b22b-5ae66c934c32,746ce42e-9255-4a9d-8f58-645d9017bba5,,3,en,2026-09-12T14:30:32+00:00,2026-09-12T14:30:32+00:00,54
2c4c69a9-0f92-4af9-b22b-5ae66c934c32,db9762d3-d5b7-4713-abf9-5c373a2217ea,,4,en,2026-09-12T14:31:43+00:00,2026-09-12T14:31:43+00:00,55
2c4c69a9-0f92-4af9-b22b-5ae66c934c32,01630425-33b8-4282-b2d9-9183adec30cd,,5,en,2026-09-12T14:32:32+00:00,2026-09-12T14:32:32+00:00,57
2c4c69a9-0f92-4af9-b22b-5ae66c934c32,de9b39b6-bc7e-4811-9c77-92862d68a285,,6,en,2026-09-12T14:33:35+00:00,2026-09-12T14:33:35+00:00,58
2c4c69a9-0f92-4af9-b22b-5ae66c934c32,76b9c9e3-6d24-47e0-9345-57fedd426abe,,7,en,2026-09-19T02:57:36+00:00,2026-09-19T02:57:36+00:00,64
2c4c69a9-0f92-4af9-b22b-5ae66c934c32,deba1e48-9fdc-4074-ae00-b77cb69f7d63,,8,en,2026-09-19T03:00:36+00:00,2026-09-19T03:00:36+00:00,53
2c4c69a9-0f92-4af9-b22b-5ae66c934c32,cca4b7bc-21ae-4058-b1ae-e0d84888c973,,9,en,2026-09-19T03:01:54+00:00,2026-09-19T03:01:54+00:00,49
3fc74fb2-ae93-4bb0-b912-a4c5d5f7b594,4b50e408-369f-4bd5-881f-29b4964349ca,,25,en,2025-01-28T16:08:51+00:00,2025-01-28T16:08:51+00:00,80
3fc74fb2-ae93-4bb0-b912-a4c5d5f7b594,b06f5e11-fb94-466d-9485-9c6f38a8b90b,,26,en,2025-01-30T16:15:30+00:00,2025-01-30T16:15:30+00:00,109
3fc74fb2-ae93-4bb0-b912-a4c5d5f7b594,25d3c7a2-2532-43dd-8934-5eb00569b7cc,,27,en,2025-02-01T22:12:00+00:00,2025-02-01T22:12:00+00:00,109
3fc74fb2-ae93-4bb0-b912-a4c5d5f7b594,dd980d5d-fef0-4ef9-a148-135415fc500c,,28,en,2025-02-05T16:30:23+00:00,2025-02-05T16:30:23+00:00,125
3fc74fb2-ae93-4bb0-b912-a4c5d5f7b594,4d4f3280-7cc1-4f37-835c-3fb5b613c006,,29,en,2025-02-10T15:54:26+00:00,2025-02-10T15:54:26+00:00,115
3fc74fb2-ae93-4bb0-b912-a4c5d5f7b594,1e9e1b59-ae4b-4086-ba37-03d7b3731dec,,30,en,2025-02-11T18:19:54+00:00,2025-02-11T18:19:54+00:00,111
3fc74fb2-ae93-4bb0-b912-a4c5d5f7b594,842437f5-283f-435c-894e-c7f1af121fe3,,31,en,2025-02-14T16:43:20+00:00,2025-02-14T16:43:20+00:00,107
3fc74fb2-ae93-4bb0-b912-a4c5d5f7b594,eea5027b-8965-4cb5-88f6-4398f4a90fb7,,32,en,2025-02-18T17:34:10+00:00,2025-02-18T17:34:10+00:00,112
3fc74fb2-ae93-4bb0-b912-a4c5d5f7b594,25cc84ac-2933-4229-9119-11ed35a21d28,,33,en,2025-02-21T18:03:10+00:00,2025-02-21T18:03:10+00:00,178
3fc74fb2-ae93-4bb0-b912-a4c5d5f7b594,1b7b951b-459a-4bd8-9c1c-5d34db9f96fb,,34,en,2025-02-23T21:14:11+00:00,2025-02-23T21:14:11+00:00,173
3fc74fb2-ae93-4bb0-b912-a4c5d5f7b594,bf1c9fc2-b6e3-41b3-a2e6-d1e2c38deb6e,,35,en,2025-02-28T17:48:04+00:00,2025-02-28T17:48:04+00:00,113
3fc74fb2-ae93-4bb0-b912-a4c5d5f7b594,751da291-b9c2-4dd0-9a3d-6bd7b84b50c5,,36,en,2025-03-18T20:47:32+00:00,2025-03-18T20:47:32+00:00,85
3fc74fb2-ae93-4bb0-b912-a4c5d5f7b594,d7a7e4af-f8bf-4a45-af4d-bfe018d9bd82,,37,en,2025-03-18T20:58:47+00:00,2025-03-18T20:58:47+00:00,71
3fc74fb2-ae93-4bb0-b912-a4c5d5f7b594,e2aa1c4b-22e3-4ab6-8d6b-25682e858901,,38,en,2025-03-20T21:28:22+00:00,2025-03-20T21:28:22+00:00,124
3fc74fb2-ae93-4bb0-b912-a4c5d5f7b594,0f5950b5-c346-48d7-a45e-6861146385e5,,39,en,2025-03-31T16:22:11+00:00,2025-03-31T16:22:11+00:00,120
3fc74fb2-ae93-4bb0-b912-a4c5d5f7b594,d9636cbe-7cd3-40d1-885f-7bdf00776e79,,40,en,2025-04-25T01:18:14+00:00,2025-04-25T01:18:14+00:00,119
3fc74fb2-ae93-4bb0-b912-a4c5d5f7b594,eb0c9669-beb5-4419-b271-2a377e07ec2c,,41,en,2025-04-25T01:44:08+00:00,2025-04-25T01:44:08+00:00,73
3fc74fb2-ae93-4bb0-b912-a4c5d5f7b594,cd4352bd-4fa1-492a-a954-48e7f943c15e,,42,en,2025-04-25T01:49:01+00:00,2025-04-25T01:49:01+00:00,89
3fc74fb2-ae93-4bb0-b912-a4c5d5f7b594,0f229b4d-c0bb-4057-bfb0-bd313ddad414,,43,en,2025-05-10T01:38:11+00:00,2025-05-10T01:38:11+00:00,81
3fc74fb2-ae93-4bb0-b912-a4c5d5f7b594,a92bed04-529c-41bb-bf10-20af1f811f8d,,44,en,2025-05-10T01:43:46+00:00,2025-05-10T01:43:46+00:00,68
429d98fa-1352-4adf-94d1-969efafec386,293afeb9-9140-4b8d-87b6-0a9f9ada45ce,,80,id,2025-09-28T08:05:44+00:00,2025-09-28T08:05:44+00:00,15
429d98fa-1352-4adf-94d1-969efafec386,ac446c88-5e23-4fa1-922c-3f5500f0674e,,81,id,2025-09-28T08:13:45+00:00,2025-09-28T08:13:45+00:00,18
429d98fa-1352-4adf-94d1-969efafec386,563c138b-a354-45a4-ac22-483068e10494,,82,id,2025-09-28T08:24:04+00:00,2025-09-28T08:24:04+00:00,18
429d98fa-1352-4adf-94d1-969efafec386,30bf94d7-aee6-4291-b0fa-6488dd9dc5ba,,83,id,2025-09-28T08:33:47+00:00,2025-09-28T08:33:47+00:00,18
429d98fa-1352-4adf-94d1-969efafec386,89e55e03-8070-468f-ab63-194805f20406,,84,id,2025-09-28T08:37:25+00:00,2025-09-28T08:37:25+00:00,15
429d98fa-1352-4adf-94d1-969efafec386,3db9c4f7-ee96-4343-917e-80f94dcc12ea,,85,id,2025-09-28T08:44:38+00:00,2025-09-28T08:44:38+00:00,18
429d98fa-1352-4adf-94d1-969efafec386,9466fbf5-b3c1-4c54-9bab-3f40471eb106,,86,id,2025-10-12T11:39:42+00:00,2025-10-12T11:39:42+00:00,18
429d98fa-1352-4adf-94d1-969efafec386,d697eb75-1619-44f5-894f-1ff12c718aaa,,87,id,2025-10-12T11:42:17+00:00,2025-10-12T11:42:17+00:00,18
429d98fa-1352-4adf-94d1-969efafec386,4ae65743-f577-43f9-a08d-e2a3e72830b7,,88,id,2025-10-12T11:44:07+00:00,2025-10-12T11:44:07+00:00,18
429d98fa-1352-4adf-94d1-969efafec386,76ea4244-b1ee-4001-9465-6d141402c242,,89,id,2025-10-12T11:45:51+00:00,2025-10-12T11:45:51+00:00,15
429d98fa-1352-4adf-94d1-969efafec386,8c5e88b2-ddf6-4204-a6c6-c3dab8f993a9,,90,id,2025-10-12T11:47:50+00:00,2025-10-12T11:47:50+00:00,18
429d98fa-1352-4adf-94d1-969efafec386,912643d3-a878-4dae-a23c-dc46fb6c28ae,,91,id,2025-10-12T11:48:35+00:00,2025-10-12T11:48:35+00:00,18
429d98fa-1352-4adf-94d1-969efafec386,b9b35cb4-76e0-419d-9fbb-ea7b31b6fcc9,,92,id,2025-10-12T11:49:40+00:00,2025-10-12T11:49:40+00:00,18
429d98fa-1352-4adf-94d1-969efafec386,edc72a4a-51b3-4553-bfbc-6c3b2810ea1d,,93,id,2025-10-12T20:03:55+00:00,2025-10-12T20:03:55+00:00,14
429d98fa-1352-4adf-94d1-969efafec386,9076f40c-40af-43fc-8372-0600ad0b827c,,94,id,2025-10-12T20:04:54+00:00,2025-10-12T20:04:54+00:00,14
429d98fa-1352-4adf-94d1-969efafec386,37289d58-8844-4373-a1ff-be18c8fee4ff,,95,id,2025-10-12T20:05:33+00:00,2025-10-12T20:05:33+00:00,18
429d98fa-1352-4adf-94d1-969efafec386,9ee438f3-0ab6-4a7f-a343-56f1ff821aed,,96,id,2025-10-12T20:06:43+00:00,2025-10-12T20:06:43+00:00,18
429d98fa-1352-4adf-94d1-969efafec386,5d34c171-9801-41d4-a2d7-b20f03482ab5,,97,id,2025-10-20T21:43:43+00:00,2025-10-20T21:43:43+00:00,18
429d98fa-1352-4adf-94d1-969efafec386,aff9edf9-7b1e-4d0a-8e63-1ea8a8ba9a7c,,98,id,2025-11-04T06:29:29+00:00,2025-11-04T06:29:29+00:00,18
429d98fa-1352-4adf-94d1-969efafec386,d079134b-a018-433d-9fd9-1f48d3d01040,,99,id,2025-11-21T14:04:24+00:00,2025-11-21T14:04:24+00:00,18
53c12cd2-f7ff-4976-b16a-c83efdeedb6f,325e9fda-adef-4810-adf9-9b56a207341c,7,304,en,2025-08-24T08:30:11+00:00,2025-08-24T08:30:11+00:00,15
53c12cd2-f7ff-4976-b16a-c83efdeedb6f,585cd9bf-59f7-4a90-bb5c-580799b32b59,7,305,en,2025-10-14T06:59:16+00:00,2025-10-14T06:59:16+00:00,16
53c12cd2-f7ff-4976-b16a-c83efdeedb6f,da6b87cf-d60f-40b7-8e19-ed2528e07e60,7,306,en,2025-10-27T15:47:00+00:00,2025-10-27T15:47:00+00:00,15
53c12cd2-f7ff-4976-b16a-c83efdeedb6f,b8de4b73-db60-4cd8-831e-62add2e4fa2b,7,307,en,2025-11-29T17:38:08+00:00,2025-11-29T17:38:08+00:00,18
53c12cd2-f7ff-4976-b16a-c83efdeedb6f,b40e0f1a-2729-4b86-a781-18b2c1dc5cd5,7,308,en,2025-12-23T15:31:16+00:00,2025-12-23T15:31:16+00:00,15
53c12cd2-f7ff-4976-b16a-c83efdeedb6f,fd92e0e4-e638-47a0-817f-c2e58f3d3547,7,309,en,2026-01-20T12:34:02+00:00,2026-01-20T12:34:02+00:00,18
53c12cd2-f7ff-4976-b16a-c83efdeedb6f,3ab34cbd-a11e-480a-8227-b0493a3f8420,7,310,en,2026-02-02T11:55:42+00:00,2026-02-02T11:55:42+00:00,17
53c12cd2-f7ff-4976-b16a-c83efdeedb6f,cfad8270-13fc-42c3-bde4-7a3011e83bcd,7,311,en,2026-02-11T11:48:44+00:00,2026-02-11T11:48:44+00:00,17
53c12cd2-f7ff-4976-b16a-c83efdeedb6f,5dfe8a9c-925b-46b9-9ac5-249253e74ed7,7,312,en,2026-02-18T10:00:30+00:00,2026-02-18T10:00:30+00:00,16
53c12cd2-f7ff-4976-b16a-c83efdeedb6f,b1f5f159-609a-4a07-a5ec-374f7a0c243f,7,313,en,2026-03-09T10:26:23+00:00,2026-03-09T10:26:23+00:00,15
53c12cd2-f7ff-4976-b16a-c83efdeedb6f,64cfd2d6-8674-4c40-9e9b-beb567b2a915,7,314,en,2026-04-04T20:42:18+00:00,2026-04-04T20:42:18+00:00,17
53c12cd2-f7ff-4976-b16a-c83efdeedb6f,b76423d1-bd3f-45ca-b317-76a2131463c0,7,315,en,2026-04-26T18:03:11+00:00,2026-04-26T18:03:11+00:00,15
53c12cd2-f7ff-4976-b16a-c83efdeedb6f,5c20e828-d5df-4ac7-9f8c-a986ec3a27d6,7,316,en,2026-05-18T10:28:34+00:00,2026-05-18T10:28:34+00:00,17
53c12cd2-f7ff-4976-b16a-c83efdeedb6f,f27d166f-3887-4a97-a6c1-e5067b26603c,7,317,en,2026-06-10T21:41:26+00:00,2026-06-10T21:41:26+00:00,16
53c12cd2-f7ff-4976-b16a-c83efdeedb6f,92bd5321-ba4e-4f56-a821-a6526d237e2f,7,318,en,2026-09-10T12:39:54+00:00,2026-09-10T12:39:54+00:00,17
53c12cd2-f7ff-4976-b16a-c83efdeedb6f,f61f5028-1296-439e-af13-f4d0074e4b64,7,319,en,2026-09-28T07:11:47+00:00,2026-09-28T07:11:47+00:00,16
56691e99-ca6d-4360-bae1-0a0dfb85866b,e73c9e1b-f3b2-40c6-980a-fbf620c60d2d,,13,en,2024-12-17T06:15:45+00:00,2024-12-17T06:15:45+00:00,26
56691e99-ca6d-4360-bae1-0a0dfb85866b,a4720462-1222-4c11-8c7f-19080adfdfdf,,14,en,2024-12-17T06:17:54+00:00,2024-12-17T06:17:54+00:00,30
56691e99-ca6d-4360-bae1-0a0dfb85866b,99b9dab7-713d-480b-a76d-34b8001dd06e,,15,en,2024-12-17T06:19:54+00:00,2024-12-17T06:19:54+00:00,29
56691e99-ca6d-4360-bae1-0a0dfb85866b,b2ac0e4f-d404-4ba5-bda2-206c58afd26a,,6,en,2024-12-17T07:01:15+00:00,2024-12-17T07:01:15+00:00,64
56691e99-ca6d-4360-bae1-0a0dfb85866b,0bf3471b-94ac-4d7a-b544-896442794482,,16,en,2024-12-17T07:03:30+00:00,2024-12-17T07:03:30+00:00,52
56691e99-ca6d-4360-bae1-0a0dfb85866b,eb114c28-a345-4578-909d-b81191225fed,,17,en,2024-12-17T07:06:16+00:00,2024-12-17T07:06:16+00:00,70
56691e99-ca6d-4360-bae1-0a0dfb85866b,630e58af-aaed-4353-b506-119d03e6f03a,,18,en,2024-12-17T07:08:55+00:00,2024-12-17T07:08:55+00:00,64
56691e99-ca6d-4360-bae1-0a0dfb85866b,0e8d528a-65c1-404f-9303-56f9177f0c71,,2,pl,2024-12-24T15:01:21+00:00,2024-12-24T15:01:21+00:00,38
56691e99-ca6d-4360-bae1-0a0dfb85866b,61c1184f-2304-4d2c-8288-4c5ae2078f3c,,19,en,2025-01-20T03:45:14+00:00,2025-01-20T03:45:14+00:00,33
56691e99-ca6d-4360-bae1-0a0dfb85866b,6708311f-5d33-426b-a0de-521dc0097540,,20,en,2025-01-20T03:46:40+00:00,2025-01-20T03:46:40+00:00,30
56691e99-ca6d-4360-bae1-0a0dfb85866b,22fb1bb4-4650-4ca8-b4f2-572404af3d49,,21,en,2025-01-20T03:47:54+00:00,2025-01-20T03:47:54+00:00,33
56691e99-ca6d-4360-bae1-0a0dfb85866b,e4ba01ed-61f5-4730-b432-7c0aa94307c1,,22,en,2025-01-20T03:49:15+00:00,2025-01-20T03:49:15+00:00,33
56691e99-ca6d-4360-bae1-0a0dfb85866b,3bd43fa9-82d5-41f7-9b5a-c5195cdd3c66,,23,en,2025-01-20T03:50:30+00:00,2025-01-20T03:50:30+00:00,34
56691e99-ca6d-4360-bae1-0a0dfb85866b,abc9b779-5e51-451a-867c-eea650db322b,,24,en,2025-01-29T05:44:31+00:00,2025-01-29T05:44:31+00:00,31
56691e99-ca6d-4360-bae1-0a0dfb85866b,8207514b-f620-4906-af17-8e261cf82055,,25,en,2025-02-02T18:23:02+00:00,2025-02-02T18:23:02+00:00,32
56691e99-ca6d-4360-bae1-0a0dfb85866b,8710297a-f245-4e21-9bfb-a8a1b132848f,,26,en,2025-02-09T22:30:03+00:00,2025-02-09T22:30:03+00:00,35
56691e99-ca6d-4360-bae1-0a0dfb85866b,d70d4420-f9d9-4790-9051-2c2658138531,,3,pl,2025-02-15T12:07:41+00:00,2025-02-15T12:07:41+00:00,82
56691e99-ca6d-4360-bae1-0a0dfb85866b,37d630bf-21b3-453a-bfd3-25dd61c4764b,,27,en,2025-03-17T05:24:30+00:00,2025-03-17T05:24:30+00:00,29
56691e99-ca6d-4360-bae1-0a0dfb85866b,a041ab63-bf11-46e2-a56c-1cbd6dc5372a,,28,en,2025-04-12T08:32:12+00:00,2025-04-12T08:32:12+00:00,29
56691e99-ca6d-4360-bae1-0a0dfb85866b,f271c05b-1d0c-4dac-81a2-2d89eafdb10d,,4,pl,2025-04-16T08:16:40+00:00,2025-04-16T08:16:40+00:00,101
590ce306-df89-4cec-94c3-886d01422174,f7dd120f-0e6a-4ff0-8d18-56b26f022f7a,,37,en,2021-09-05T15:59:40+00:00,2021-09-05T15:59:40+00:00,12
590ce306-df89-4cec-94c3-886d01422174,4bd72190-cd0b-4f40-ba70-9925a2ec7c1d,,38,en,2021-09-10T03:27:06+00:00,2021-09-10T03:27:06+00:00,12
590ce306-df89-4cec-94c3-886d01422174,eb881910-bf57-4fca-9d19-aaa0596775b9,,39,en,2021-09-10T03:28:31+00:00,2021-09-10T03:28:31+00:00,12
590ce306-df89-4cec-94c3-886d01422174,a7f90c10-5f50-4f91-af2b-9b0c6313aabf,,40,en,2021-09-11T12:07:56+00:00,2021-09-11T12:07:56+00:00,10
590ce306-df89-4cec-94c3-886d01422174,9ad0ff2c-98bb-4f06-b3f3-85fbd75acfe1,,41,en,2021-09-11T12:09:58+00:00,2021-09-11T12:09:58+00:00,13
590ce306-df89-4cec-94c3-886d01422174,45e97bf7-effe-4f0f-90bf-b4fdc768675c,,42,en,2021-09-11T12:10:49+00:00,2021-09-11T12:10:49+00:00,11
590ce306-df89-4cec-94c3-886d01422174,5f5f0454-adc9-4fa6-b36a-55d2e6856d43,,43,en,2021-09-11T12:12:02+00:00,2021-09-11T12:12:02+00:00,12
590ce306-df89-4cec-94c3-886d01422174,75386aed-c85f-4fb9-8ba8-aa625a55b6a6,,44,en,2021-09-11T12:12:46+00:00,2021-09-11T12:12:46+00:00,10
6a50ffeb-9678-47b4-868e-15fe0febe188,27be3125-d12c-4090-b425-a9844bff2a1e,,1,en,2023-03-11T10:12:08+00:00,2023-03-11T10:12:08+00:00,
6a50ffeb-9678-47b4-868e-15fe0febe188,7469db9c-11ac-4ca0-82a7-3c323bfe7fbc,,2,en,2023-03-11T14:53:05+00:00,2023-03-11T14:53:05+00:00,
6a50ffeb-9678-47b4-868e-15fe0febe188,e3d50ade-42a5-4f95-a147-30a3c90e2a47,,3,en,2023-03-11T16:53:33+00:00,2023-03-11T16:53:33+00:00,
6ba386d5-1c6d-43e7-886f-209b69a326c1,00965d67-acd4-4cbb-9649-a181272e5a59,,8,fr,2024-11-03T21:53:31+00:00,2024-11-03T21:53:31+00:00,69
6ba386d5-1c6d-43e7-886f-209b69a326c1,06595197-d79e-4cfd-a1e5-527b12cc5435,,9,fr,2024-12-08T22:03:57+00:00,2024-12-08T22:03:57+00:00,62
6ba386d5-1c6d-43e7-886f-209b69a326c1,10674f69-78f4-4b99-8a53-08699954e9ad,,10,fr,2025-01-19T20:43:25+00:00,2025-01-19T20:43:25+00:00,59
6ba386d5-1c6d-43e7-886f-209b69a326c1,24704a2c-cbcc-4890-b12f-c075b3925ef9,,11,fr,2025-03-02T21:01:31+00:00,2025-03-02T21:01:31+00:00,53
6ba386d5-1c6d-43e7-886f-209b69a326c1,1d51809a-47ba-4a9c-91ba-ff7ad9c3c18e,,12,fr,2025-04-13T19:20:26+00:00,2025-04-13T19:20:26+00:00,81
6ba386d5-1c6d-43e7-886f-209b69a326c1,4a38d151-5c10-4e5d-9a3d-9d319a138632,,13,fr,2025-05-18T21:37:02+00:00,2025-05-18T21:37:02+00:00,77
6ba386d5-1c6d-43e7-886f-209b69a326c1,76b37f1f-9643-4a7a-949c-c1ef4e471de7,,14,fr,2025-06-29T21:57:49+00:00,2025-06-29T21:57:49+00:00,79
6ba386d5-1c6d-43e7-886f-209b69a326c1,c65021b3-2594-4f73-8f0e-4998ef6a8cdc,,15,fr,2025-08-10T21:53:02+00:00,2025-08-10T21:53:02+00:00,78
6ba386d5-1c6d-43e7-886f-209b69a326c1,99d1d4e2-de40-4fba-a012-c10e79bad0b3,,16,fr,2025-08-31T20:44:38+00:00,2025-08-31T20:44:38+00:00,93
6ba386d5-1c6d-43e7-886f-209b69a326c1,141ed9d0-3e56-4137-8973-673237e413d9,,17,fr,2025-10-05T21:16:31+00:00,2025-10-05T21:16:31+00:00,76
6ba386d5-1c6d-43e7-886f-209b69a326c1,70db4ac5-a78d-4f1a-b884-ccec2f56227b,,18,fr,2025-11-02T20:32:55+00:00,2025-11-02T20:32:55+00:00,83
6ba386d5-1c6d-43e7-886f-209b69a326c1,e91628ea-46a9-4086-9c2e-3e7857d014c5,,19,fr,2025-12-07T16:58:42+00:00,2025-12-07T16:58:42+00:00,77
6ba386d5-1c6d-43e7-886f-209b69a326c1,88991cec-e7b7-4e82-9515-99f7e3029783,,20,fr,2025-12-28T20:44:43+00:00,2025-12-28T20:44:43+00:00,86
6ba386d5-1c6d-43e7-886f-209b69a326c1,888f58a7-c722-4a55-81c5-c32788df33b4,,21,fr,2026-01-18T20:50:57+00:00,2026-01-18T20:50:57+00:00,101
6ba386d5-1c6d-43e7-886f-209b69a326c1,4296bdd8-c597-4c5e-ba79-c2462c839a68,,22,fr,2026-02-08T20:04:02+00:00,2026-02-08T20:04:02+00:00,94
6ba386d5-1c6d-43e7-886f-209b69a326c1,d12761d1-0ec6-4503-aa13-3f7d5c680061,,23,fr,2026-03-01T21:35:15+00:00,2026-03-01T21:35:15+00:00,121
6ba386d5-1c6d-43e7-886f-209b69a326c1,da105347-51a7-4935-a24a-85a815cf7f30,,24,fr,2026-04-26T19:31:30+00:00,2026-04-26T19:31:30+00:00,104
6ba386d5-1c6d-43e7-886f-209b69a326c1,6563050c-33ff-48c7-9fb6-eac971b1cf94,,25,fr,2026-05-31T20:32:22+00:00,2026-05-31T20:32:22+00:00,94
6ba386d5-1c6d-43e7-886f-209b69a326c1,1d6b1838-6112-418d-93fe-822714f65c98,,26,fr,2026-07-26T15:54:55+00:00,2026-07-26T15:54:55+00:00,84
6ba386d5-1c6d-43e7-886f-209b69a326c1,4cf1659b-f984-4988-a0f8-696ce1b722e8,,27,fr,2026-08-30T17:46:08+00:00,2026-08-30T17:46:08+00:00,73
6ebc38c9-367a-4fba-ab36-ad9a957ee7d1,2ac1d570-6f60-451d-87d2-6f46b8d1fb2d,,43,id,2026-09-21T05:30:37+00:00,2026-09-21T05:30:37+00:00,21
6ebc38c9-367a-4fba-ab36-ad9a957ee7d1,a9a6edeb-57a1-4865-a4b0-684a3002fe3b,,44,id,2026-09-21T05:31:54+00:00,2026-09-21T05:31:54+00:00,27
6ebc38c9-367a-4fba-ab36-ad9a957ee7d1,35fd3e09-1d9a-49b2-bf08-77d84752a62e,,45,id,2026-09-21T05:32:59+00:00,2026-09-21T05:32:59+00:00,22
6ebc38c9-367a-4fba-ab36-ad9a957ee7d1,63053b6c-f69b-4059-9e7e-7e5a4d99de49,,46,id,2026-09-21T05:34:32+00:00,2026-09-21T05:34:32+00:00,30
6ebc38c9-367a-4fba-ab36-ad9a957ee7d1,d323528e-ccca-4609-8043-20435a3f1604,,47,id,2026-09-21T05:36:08+00:00,2026-09-21T05:36:08+00:00,24
6ebc38c9-367a-4fba-ab36-ad9a957ee7d1,13a59e34-d371-461b-9a97-138ea41fdc71,,48,id,2026-09-21T05:37:08+00:00,2026-09-21T05:37:08+00:00,20
6ebc38c9-367a-4fba-ab36-ad9a957ee7d1,c5ccf90c-2b0a-4367-b32d-751e61b96be7,,49,id,2026-09-21T05:39:00+00:00,2026-09-21T05:39:00+00:00,35
6ebc38c9-367a-4fba-ab36-ad9a957ee7d1,566de055-3304-4f16-93f0-ea302d857afd,,50,id,2026-09-21T05:40:16+00:00,2026-09-21T05:40:16+00:00,22
6ebc38c9-367a-4fba-ab36-ad9a957ee7d1,7abd3b0c-5ae4-4874-8b09-4c39af2322dd,,51,id,2026-09-21T05:41:43+00:00,2026-09-21T05:41:43+00:00,23
6ebc38c9-367a-4fba-ab36-ad9a957ee7d1,049cb6a0-9306-4849-bcf6-2e8365672a96,,52,id,2026-09-21T05:43:02+00:00,2026-09-21T05:43:02+00:00,22
6ebc38c9-367a-4fba-ab36-ad9a957ee7d1,70b47f48-fe1b-4e5c-a9e2-5bf0bfbcd10d,,53,id,2026-09-21T05:44:11+00:00,2026-09-21T05:44:11+00:00,22
6ebc38c9-367a-4fba-ab36-ad9a957ee7d1,787fed02-0448-4aeb-bdbc-54aa2c19fee5,,54,id,2026-09-21T05:45:31+00:00,2026-09-21T05:45:31+00:00,26
6ebc38c9-367a-4fba-ab36-ad9a957ee7d1,5d44975b-1547-4374-9e14-2a60c9e2fa45,,55,id,2026-09-21T05:46:14+00:00,2026-09-21T05:46:14+00:00,21
6ebc38c9-367a-4fba-ab36-ad9a957ee7d1,e0e43a1f-07ce-4b3c-9e14-55d7efd24a9f,,56,id,2026-09-21T05:46:59+00:00,2026-09-21T05:46:59+00:00,23
6ebc38c9-367a-4fba-ab36-ad9a957ee7d1,05c58c51-13b3-433e-bbbc-646a8501f27f,,57,id,2026-09-21T05:48:21+00:00,2026-09-21T05:48:21+00:00,26
6ebc38c9-367a-4fba-ab36-ad9a957ee7d1,9d9eb2dd-7535-461a-a6fb-9f98369d2413,,58,id,2026-09-21T05:49:19+00:00,2026-09-21T05:49:19+00:00,23
6ebc38c9-367a-4fba-ab36-ad9a957ee7d1,164afd0a-8429-4545-8b03-4a62c4ed1df0,,59,id,2026-09-21T05:50:20+00:00,2026-09-21T05:50:20+00:00,21
6ebc38c9-367a-4fba-ab36-ad9a957ee7d1,c70d015a-0536-4a69-8dd4-765487c588ec,,60,id,2026-09-21T05:51:13+00:00,2026-09-21T05:51:13+00:00,29
6ebc38c9-367a-4fba-ab36-ad9a957ee7d1,13bca84f-97ac-4023-9243-936df739bd41,,61,id,2026-09-21T05:53:10+00:00,2026-09-21T05:53:10+00:00,27
6ebc38c9-367a-4fba-ab36-ad9a957ee7d1,92048c39-4849-4ee0-8b09-a31fcb8bcb0c,,62,id,2026-09-21T05:54:27+00:00,2026-09-21T05:54:27+00:00,37
8367fa34-d0b2-480f-bc0d-66307099174b,a2874a66-1e10-4bbb-9fa5-768ba79ae7f1,,1,id,2025-09-22T12:49:21+00:00,2025-09-22T12:49:21+00:00,33
862a5df8-6a71-4cbb-a445-d4d0d769cd7f,0e799740-a416-43ef-b2db-46a3f7407a79,,2,es-la,2024-07-15T15:52:50+00:00,2024-07-15T15:52:50+00:00,45
862a5df8-6a71-4cbb-a445-d4d0d769cd7f,6a19d0d1-be5a-4243-b43e-6d68dd50fd84,,3,es-la,2024-07-15T15:53:13+00:00,2024-07-15T15:53:13+00:00,49
862a5df8-6a71-4cbb-a445-d4d0d769cd7f,ae6bef6e-ea42-4aea-b829-8db985f7d575,,4,es-la,2024-07-15T15:53:38+00:00,2024-07-15T15:53:38+00:00,46
862a5df8-6a71-4cbb-a445-d4d0d769cd7f,5e97bc9e-b604-4918-ae50-edc1ef4ccbec,,5,es-la,2024-07-15T15:54:00+00:00,2024-07-15T15:54:00+00:00,37
862a5df8-6a71-4cbb-a445-d4d0d769cd7f,0ff63e26-656b-471b-90bb-a245a39a8037,,6,es-la,2024-07-15T15:54:20+00:00,2024-07-15T15:54:20+00:00,39
862a5df8-6a71-4cbb-a445-d4d0d769cd7f,d883ac8e-f4b2-4957-b42f-27bb0bc2029d,,7,es-la,2024-07-15T15:54:40+00:00,2024-07-15T15:54:40+00:00,46
862a5df8-6a71-4cbb-a445-d4d0d769cd7f,62ae5437-1f1d-4ed0-aefd-b027277434eb,,8,es-la,2024-07-15T15:55:02+00:00,2024-07-15T15:55:02+00:00,42
862a5df8-6a71-4cbb-a445-d4d0d769cd7f,2a59debe-84d0-4120-996e-4436ed08b704,,9,es-la,2024-07-15T15:55:18+00:00,2024-07-15T15:55:18+00:00,33
862a5df8-6a71-4cbb-a445-d4d0d769cd7f,ee9209f6-905a-4fd6-a020-e7d0d600c90b,,1,pt-br,2024-10-26T02:53:23+00:00,2024-10-26T02:53:23+00:00,19
862a5df8-6a71-4cbb-a445-d4d0d769cd7f,f517d7b1-0e66-4942-9c30-73f85d98c5e1,,10,pt-br,2024-10-26T03:05:48+00:00,2024-10-26T03:05:48+00:00,15
862a5df8-6a71-4cbb-a445-d4d0d769cd7f,02f55618-8ce8-4f82-9dab-abb898bb6246,,11,pt-br,2024-10-26T03:23:16+00:00,2024-10-26T03:23:16+00:00,14
862a5df8-6a71-4cbb-a445-d4d0d769cd7f,b87478a0-a385-48f7-ac90-e03f38edc824,1,1,pl,2025-01-30T13:21:39+00:00,2025-01-30T13:21:39+00:00,78
8a17cccd-b82b-407f-a096-a2d077b7e048,40b18ae3-8b70-4b3c-8da2-fc92ae6f6609,,1,en,2025-04-18T10:28:27+00:00,2025-04-18T10:28:27+00:00,28
8a17cccd-b82b-407f-a096-a2d077b7e048,7cc450af-7d97-45db-b9a6-3b80b18b45da,,2,en,2025-04-18T10:29:51+00:00,2025-04-18T10:29:51+00:00,27
8a17cccd-b82b-407f-a096-a2d077b7e048,96d8456f-5566-4e49-975c-ef7e6e7cdcd2,,3,en,2025-04-18T10:31:14+00:00,2025-04-18T10:31:14+00:00,27
8a17cccd-b82b-407f-a096-a2d077b7e048,c978d33d-98c7-40c7-9de5-713ca0e7ed27,,4,en,2025-04-18T10:34:24+00:00,2025-04-18T10:34:24+00:00,24
8a17cccd-b82b-407f-a096-a2d077b7e048,b6ffa422-a887-4607-b7e3-851e5790a80e,,5,en,2025-05-01T02:56:34+00:00,2025-05-01T02:56:34+00:00,22
921e672c-9b37-4e7b-9017-da67b8bbef4c,9cd5429e-dd14-460c-9ed4-0f1c74d00fb0,,1,fr,2026-06-26T14:33:19+00:00,2026-06-26T14:33:19+00:00,60
921e672c-9b37-4e7b-9017-da67b8bbef4c,13abfd32-de41-4a76-af6c-3e1b81d8e501,,2,fr,2026-06-26T14:38:46+00:00,2026-06-26T14:38:46+00:00,19
921e672c-9b37-4e7b-9017-da67b8bbef4c,c4282a56-0867-4eb0-8680-ddb9a86e8837,,3,fr,2026-06-26T14:41:37+00:00,2026-06-26T14:41:37+00:00,17
921e672c-9b37-4e7b-9017-da67b8bbef4c,14ea41f7-230a-4294-b18d-394bbb89bd25,,4,fr,2026-06-26T14:43:41+00:00,2026-06-26T14:43:41+00:00,20
921e672c-9b37-4e7b-9017-da67b8bbef4c,699332f5-f3e0-41ce-819d-61265424744e,,5,fr,2026-06-26T14:45:07+00:00,2026-06-26T14:45:07+00:00,23
921e672c-9b37-4e7b-9017-da67b8bbef4c,afb64c53-45d1-41e9-8708-93456e8b63dc,,6,fr,2026-06-26T14:46:22+00:00,2026-06-26T14:46:22+00:00,29
921e672c-9b37-4e7b-9017-da67b8bbef4c,ec1f95e3-eeea-4fb9-ac5c-ff14e6767d2b,,7,fr,2026-06-26T21:42:45+00:00,2026-06-26T21:42:45+00:00,31
921e672c-9b37-4e7b-9017-da67b8bbef4c,01ad6d2d-5e9c-4ba0-8892-dc48a0c37ca2,,8,fr,2026-06-27T14:29:04+00:00,2026-06-27T14:29:04+00:00,33
9258cef1-3b0a-4a02-bccc-7e34580c5c2b,cec1ec19-fdb3-4a0e-8940-5960e2771233,1,1,pt-br,2026-08-24T03:34:44+00:00,2026-08-24T03:34:44+00:00,72
9258cef1-3b0a-4a02-bccc-7e34580c5c2b,572941dd-f5bf-4031-8ed1-48a77da86f47,1,2,pt-br,2026-08-24T23:55:28+00:00,2026-08-24T23:55:28+00:00,56
9258cef1-3b0a-4a02-bccc-7e34580c5c2b,5b9614d9-8767-41ba-9f1d-c70ada6fa8ce,1,3,pt-br,2026-08-25T02:16:28+00:00,2026-08-25T02:16:28+00:00,60
9258cef1-3b0a-4a02-bccc-7e34580c5c2b,00e0aaac-15e9-4b49-8efe-925e7ffacb72,1,4,pt-br,2026-08-27T15:56:16+00:00,2026-08-27T15:56:16+00:00,68
9258cef1-3b0a-4a02-bccc-7e34580c5c2b,d27a8bd0-9b8a-4efd-83a7-e2a115f48b2c,1,5,pt-br,2026-08-28T10:30:18+00:00,2026-08-28T10:30:18+00:00,67
9258cef1-3b0a-4a02-bccc-7e34580c5c2b,0c0a5e3d-5431-42e4-9216-d4388d99c056,1,6,pt-br,2026-08-28T10:32:37+00:00,2026-08-28T10:32:37+00:00,48
9258cef1-3b0a-4a02-bccc-7e34580c5c2b,5cc81527-9a21-466b-982c-7c84096025af,1,7,pt-br,2026-08-28T10:35:18+00:00,2026-08-28T10:35:18+00:00,48
9258cef1-3b0a-4a02-bccc-7e34580c5c2b,2f5803a4-d1b0-4d1a-8a64-064813b2882f,1,8,pt-br,2026-08-29T21:47:07+00:00,2026-08-29T21:47:07+00:00,76
9258cef1-3b0a-4a02-bccc-7e34580c5c2b,75259a1f-368a-4274-8306-b715c94ff0f8,1,9,pt-br,2026-09-07T21:32:15+00:00,2026-09-07T21:32:15+00:00,45
9258cef1-3b0a-4a02-bccc-7e34580c5c2b,c1feeb41-3e40-43f4-9ac5-573cc68e89c0,1,10,pt-br,2026-09-07T21:46:15+00:00,2026-09-07T21:46:15+00:00,48
9258cef1-3b0a-4a02-bccc-7e34580c5c2b,c1024154-cb0d-4540-b836-fc8ea3bce813,1,11,pt-br,2026-09-08T02:29:17+00:00,2026-09-08T02:29:17+00:00,61
9258cef1-3b0a-4a02-bccc-7e34580c5c2b,2a934a1b-22ad-429b-b535-9334482f0d60,1,12,pt-br,2026-09-08T10:28:00+00:00,2026-09-08T10:28:00+00:00,67
9258cef1-3b0a-4a02-bccc-7e34580c5c2b,72a83b68-27b7-45f7-bffc-006488795f46,1,13,pt-br,2026-09-08T14:37:41+00:00,2026-09-08T14:37:41+00:00,51
9258cef1-3b0a-4a02-bccc-7e34580c5c2b,2d90497c-b677-402a-8333-4deb48a749d1,1,14,pt-br,2026-09-10T02:56:49+00:00,2026-09-10T02:56:49+00:00,41
9258cef1-3b0a-4a02-bccc-7e34580c5c2b,23a75827-9c7c-440e-849b-cbaf37cd443b,1,15,pt-br,2026-09-10T03:10:11+00:00,2026-09-10T03:10:11+00:00,44
9258cef1-3b0a-4a02-bccc-7e34580c5c2b,0dbcfc83-2e61-4c07-99a5-6e71ed027a42,1,16,pt-br,2026-09-10T03:12:49+00:00,2026-09-10T03:12:49+00:00,47
9258cef1-3b0a-4a02-bccc-7e34580c5c2b,51663670-b8ec-4def-9228-e179dad17739,1,17,pt-br,2026-09-10T10:34:02+00:00,2026-09-10T10:34:02+00:00,45
9258cef1-3b0a-4a02-bccc-7e34580c5c2b,35708eb4-7d54-4773-bbc2-38913d9aab49,1,18,pt-br,2026-09-11T18:58:37+00:00,2026-09-11T18:58:37+00:00,51
9258cef1-3b0a-4a02-bccc-7e34580c5c2b,6e0e92f3-4e15-4785-886b-b4d2a27e2343,1,19,pt-br,2026-09-11T19:01:17+00:00,2026-09-11T19:01:17+00:00,50
9258cef1-3b0a-4a02-bccc-7e34580c5c2b,01e6dd3b-1d57-41b7-b83f-b4a2bebc146c,1,20,pt-br,2026-09-16T10:33:35+00:00,2026-09-16T10:33:35+00:00,59
9258cef1-3b0a-4a02-bccc-7e34580c5c2b,f7349114-e430-4eb2-bf59-f4a1fff3b07f,1,21,pt-br,2026-09-26T00:08:20+00:00,2026-09-26T00:08:20+00:00,56
9cfa0ad8-5c01-4d03-823d-117470f540d7,e88ce2ac-842d-4498-abd5-edbab2a96fd3,,60,en,2023-03-14T14:43:28+00:00,2023-03-14T14:43:28+00:00,23
9cfa0ad8-5c01-4d03-823d-117470f540d7,acf23ff4-b620-424f-9f17-cc9fc000ba07,,61,en,2023-03-14T14:44:12+00:00,2023-03-14T14:44:12+00:00,20
9cfa0ad8-5c01-4d03-823d-117470f540d7,6695eec4-559c-4a59-8d4d-204ad4d80b3d,,62,en,2023-03-14T14:44:28+00:00,2023-03-14T14:44:28+00:00,20
9cfa0ad8-5c01-4d03-823d-117470f540d7,9c5b3152-81ba-4f19-987e-efdb88ce8f11,,63,en,2023-03-14T14:44:56+00:00,2023-03-14T14:44:56+00:00,21
9cfa0ad8-5c01-4d03-823d-117470f540d7,4276f211-d192-48d2-9bf7-f3c94cfbdf94,,64,en,2023-03-14T14:53:37+00:00,2023-03-14T14:53:37+00:00,21
9cfa0ad8-5c01-4d03-823d-117470f540d7,bd3b196d-df08-4f1d-a86a-aea577828cff,,65,en,2023-03-14T14:53:57+00:00,2023-03-14T14:53:57+00:00,21
9cfa0ad8-5c01-4d03-823d-117470f540d7,7a8e07b5-8674-4a0c-abe3-f662cbe1b113,,66,en,2023-03-14T14:54:23+00:00,2023-03-14T14:54:23+00:00,23
9cfa0ad8-5c01-4d03-823d-117470f540d7,3c7cda67-1b3e-46e7-875c-8806a368b1af,,67,en,2023-03-14T14:54:39+00:00,2023-03-14T14:54:39+00:00,23
9cfa0ad8-5c01-4d03-823d-117470f540d7,8222b5cf-d763-415a-bcb0-132519cc77d1,,68,en,2023-03-14T14:54:51+00:00,2023-03-14T14:54:51+00:00,22
9cfa0ad8-5c01-4d03-823d-117470f540d7,80508417-377e-453d-bad3-ed1dfb4e89c2,,69,en,2023-03-14T14:55:04+00:00,2023-03-14T14:55:04+00:00,23
9cfa0ad8-5c01-4d03-823d-117470f540d7,43cbc781-eec9-4adc-9faf-83b4d1ff92c4,,70,en,2023-03-14T14:55:16+00:00,2023-03-14T14:55:16+00:00,23
9cfa0ad8-5c01-4d03-823d-117470f540d7,c0405f07-3f86-461d-a041-79a4a05d859e,,71,en,2023-03-14T14:55:26+00:00,2023-03-14T14:55:26+00:00,24
9cfa0ad8-5c01-4d03-823d-117470f540d7,9b0049e2-57aa-4058-8dde-fc55726ed626,,72,en,2023-03-14T14:57:04+00:00,2023-03-14T14:57:04+00:00,24
9cfa0ad8-5c01-4d03-823d-117470f540d7,da666ba6-8794-4ffa-ba64-c20ad3612c20,,73,en,2023-03-14T14:57:16+00:00,2023-03-14T14:57:16+00:00,23
9cfa0ad8-5c01-4d03-823d-117470f540d7,f6cc91fc-db49-49ac-87bc-202cd2a54a5e,,74,en,2023-03-14T14:57:35+00:00,2023-03-14T14:57:35+00:00,23
9cfa0ad8-5c01-4d03-823d-117470f540d7,118d0ca2-4edb-4687-91ac-20e43b789be8,,75,en,2023-03-14T14:57:48+00:00,2023-03-14T14:57:48+00:00,21
9cfa0ad8-5c01-4d03-823d-117470f540d7,7191dd90-d0b2-42ba-8bda-9ada8db37e10,,76,en,2023-03-14T14:58:33+00:00,2023-03-14T14:58:33+00:00,27
9cfa0ad8-5c01-4d03-823d-117470f540d7,0a4fa6f7-68e0-4e37-90aa-3b79f6d1b5a0,,19,pt-br,2025-09-26T18:07:16+00:00,2025-09-26T18:07:16+00:00,21
9cfa0ad8-5c01-4d03-823d-117470f540d7,e05103c9-b61f-41dd-bea8-ee006fc4f513,,20,pt-br,2025-09-27T04:08:28+00:00,2025-09-27T04:08:28+00:00,21
9cfa0ad8-5c01-4d03-823d-117470f540d7,9abd6710-7ffd-41f2-a2a5-abb0947e970b,,21,pt-br,2025-09-27T18:48:53+00:00,2025-09-27T18:48:53+00:00,21
a6a21855-c647-483f-85cf-c17b8dd0ca58,1ec5e67e-e705-408b-9b30-414e0ef92535,1,1,en,2024-02-06T17:49:20+00:00,2024-02-06T17:49:20+00:00,
a6a21855-c647-483f-85cf-c17b8dd0ca58,5f5dea8f-ea62-468f-bec9-b72ff55712c8,1,2,en,2024-02-06T17:49:25+00:00,2024-02-06T17:49:25+00:00,
a6a21855-c647-483f-85cf-c17b8dd0ca58,d535521e-1970-42aa-9142-9de0f7daca25,1,3,en,2024-02-06T17:49:27+00:00,2024-02-06T17:49:27+00:00,
a6a21855-c647-483f-85cf-c17b8dd0ca58,c3fbc412-75f8-407d-820c-4a77d5aeb429,1,4,en,2024-02-06T17:49:28+00:00,2024-02-06T17:49:28+00:00,
a972aebe-50fb-4dfe-8f61-0150f3659467,8eb43ac9-6725-478b-9731-ea262cf166a5,1,4,pt-br,2025-02-16T18:43:30+00:00,2025-02-16T18:43:30+00:00,65
a972aebe-50fb-4dfe-8f61-0150f3659467,95860f46-ee97-4f63-b9b1-d3a82cbeec59,1,5,pt-br,2025-02-16T18:44:58+00:00,2025-02-16T18:44:58+00:00,61
a972aebe-50fb-4dfe-8f61-0150f3659467,fc188848-6d88-4292-98a3-d2b3180d6bdd,1,6,pt-br,2025-02-16T18:48:18+00:00,2025-02-16T18:48:18+00:00,52
a972aebe-50fb-4dfe-8f61-0150f3659467,2b9d6c08-d619-4b79-88f7-20a1f8eab0fb,1,7,pt-br,2025-02-16T18:49:25+00:00,2025-02-16T18:49:25+00:00,60
a972aebe-50fb-4dfe-8f61-0150f3659467,958c94f6-b3fb-4a34-b4c9-0f46389d7c56,1,8,pt-br,2025-02-16T18:51:20+00:00,2025-02-16T18:51:20+00:00,69
a972aebe-50fb-4dfe-8f61-0150f3659467,07c30e61-18b8-4981-a031-d5e90ff57a26,1,9,pt-br,2025-02-16T18:54:49+00:00,2025-02-16T18:54:49+00:00,67
a972aebe-50fb-4dfe-8f61-0150f3659467,cb7de86b-bc62-49cf-8fe2-08d710934645,1,11,pt-br,2025-02-16T19:02:25+00:00,2025-02-16T19:02:25+00:00,20
a972aebe-50fb-4dfe-8f61-0150f3659467,f31e8ee7-e63c-4fd1-acfb-1aad76bdeabc,1,12,pt-br,2025-02-16T19:06:22+00:00,2025-02-16T19:06:22+00:00,20
a972aebe-50fb-4dfe-8f61-0150f3659467,f410cba0-fb24-4931-adbc-929db2f53ab8,1,13,pt-br,2025-02-16T19:13:13+00:00,2025-02-16T19:13:13+00:00,20
a972aebe-50fb-4dfe-8f61-0150f3659467,d59628b2-b435-4df7-95b4-583a3011d6ac,1,14,pt-br,2025-02-16T19:14:57+00:00,2025-02-16T19:14:57+00:00,20
a972aebe-50fb-4dfe-8f61-0150f3659467,03c72e8c-d6eb-47e3-854d-a49da65163d5,4,89,pt-br,2026-08-03T20:36:16+00:00,2026-08-03T20:36:16+00:00,23
a972aebe-50fb-4dfe-8f61-0150f3659467,0065181e-804e-47f6-a87d-a0716551a2df,1,1,pt-br,2026-08-09T15:31:10+00:00,2026-08-09T15:31:10+00:00,68
a972aebe-50fb-4dfe-8f61-0150f3659467,bb30bde4-45ac-4598-9023-8988d18e01df,1,3,pt-br,2026-08-09T16:01:08+00:00,2026-08-09T16:01:08+00:00,63
a972aebe-50fb-4dfe-8f61-0150f3659467,52488e3f-e56f-4c60-a99e-384095fcd911,1,10,pt-br,2026-08-09T17:43:08+00:00,2026-08-09T17:43:08+00:00,36
a972aebe-50fb-4dfe-8f61-0150f3659467,c10825f1-02d2-42c1-930f-a52998113dd8,1,31,pt-br,2026-08-09T18:18:58+00:00,2026-08-09T18:18:58+00:00,61
a972aebe-50fb-4dfe-8f61-0150f3659467,87deff05-d070-479d-bb8f-83b1e6edfc6d,1,34,pt-br,2026-08-09T19:52:22+00:00,2026-08-09T19:52:22+00:00,14
a972aebe-50fb-4dfe-8f61-0150f3659467,639d7cee-53ef-41b8-b0b0-b759ebbacdd4,2,60,pt-br,2026-08-09T21:13:49+00:00,2026-08-09T21:13:49+00:00,71
a972aebe-50fb-4dfe-8f61-0150f3659467,6314f573-7a10-4af7-9d22-bea07a31bb95,2,84,pt-br,2026-08-09T21:59:13+00:00,2026-08-09T21:59:13+00:00,28
a972aebe-50fb-4dfe-8f61-0150f3659467,b8fc1f0d-c55b-4317-b026-d6286734214d,4,90,pt-br,2026-08-25T10:32:57+00:00,2026-08-25T10:32:57+00:00,23
a972aebe-50fb-4dfe-8f61-0150f3659467,12a0c2e3-c48a-4eb7-b71e-f069e653569d,4,91,pt-br,2026-09-24T00:50:53+00:00,2026-09-24T00:50:53+00:00,27
a972aebe-50fb-4dfe-8f61-0150f3659467,2b6bc35e-e953-4ffb-b5dd-b9509396ebff,4,92,pt-br,2026-09-26T00:20:06+00:00,2026-09-26T00:20:06+00:00,26
a972aebe-50fb-4dfe-8f61-0150f3659467,2e6ab080-6240-46cb-9a97-95672622887b,4,93,pt-br,2026-09-30T02:37:31+00:00,2026-09-30T02:37:31+00:00,38
a972aebe-50fb-4dfe-8f61-0150f3659467,6a37eefb-21db-4ec0-8e62-3ebbeb30f202,4,94,pt-br,2026-10-01T21:59:37+00:00,2026-10-01T21:59:37+00:00,32
a972aebe-50fb-4dfe-8f61-0150f3659467,a31a96ed-e50f-4e9e-96a0-b4147c5dff3e,4,95,pt-br,2026-10-01T23:14:22+00:00,2026-10-01T23:14:22+00:00,41
aa81f925-593c-4e84-8277-c6cc683eb85f,c2a784d7-dca2-4a65-9d23-3199feafbb21,,1,en,2026-09-08T21:03:01+00:00,2026-09-08T21:03:01+00:00,77
aa81f925-593c-4e84-8277-c6cc683eb85f,d7ac0823-7b49-418a-931c-643465132beb,,2,en,2026-09-08T21:03:34+00:00,2026-09-08T21:03:34+00:00,17
aa81f925-593c-4e84-8277-c6cc683eb85f,73a6da60-bc9e-4a1f-b00a-357110511672,,3,en,2026-09-08T21:03:59+00:00,2026-09-08T21:03:59+00:00,23
aa81f925-593c-4e84-8277-c6cc683eb85f,3c492ba8-a18c-4dea-a8f5-c57abc2cbd32,,4,en,2026-09-08T21:04:30+00:00,2026-09-08T21:04:30+00:00,22
aa81f925-593c-4e84-8277-c6cc683eb85f,fe609fde-e331-4c4a-b45a-769c111cdea8,,5,en,2026-09-08T21:05:08+00:00,2026-09-08T21:05:08+00:00,16
aa81f925-593c-4e84-8277-c6cc683eb85f,e2002547-db32-4aa6-a6da-8e0d3008218d,,6,en,2026-09-08T21:05:56+00:00,2026-09-08T21:05:56+00:00,22
aa81f925-593c-4e84-8277-c6cc683eb85f,4e9c84be-8a31-420b-a08f-c8008b36b4c1,,7,en,2026-09-08T21:06:43+00:00,2026-09-08T21:06:43+00:00,14
aa81f925-593c-4e84-8277-c6cc683eb85f,cedfdb9d-ca8c-47db-8ae0-7263971b6de1,,8,en,2026-09-08T21:07:17+00:00,2026-09-08T21:07:17+00:00,17
aa81f925-593c-4e84-8277-c6cc683eb85f,02b9ddea-5841-4261-b36e-72ed02894f1b,,9,en,2026-09-08T21:07:39+00:00,2026-09-08T21:07:39+00:00,15
aa81f925-593c-4e84-8277-c6cc683eb85f,9b13e9ef-3362-46f0-82ea-74b0835b30e7,,10,en,2026-09-08T21:07:58+00:00,2026-09-08T21:07:58+00:00,19
aa81f925-593c-4e84-8277-c6cc683eb85f,2c7331b0-2c37-4e79-91cb-ce0d2aefbb11,,11,en,2026-09-08T21:08:22+00:00,2026-09-08T21:08:22+00:00,13
aa81f925-593c-4e84-8277-c6cc683eb85f,7ed9b6bf-0005-4bc2-8323-a596208ed214,,12,en,2026-09-08T21:08:48+00:00,2026-09-08T21:08:48+00:00,18
aa81f925-593c-4e84-8277-c6cc683eb85f,19f48e50-012d-4970-922e-429f060e16da,,13,en,2026-09-08T21:09:04+00:00,2026-09-08T21:09:04+00:00,17
b00ca6fd-4fab-4c8f-a981-4a89cefc5d89,131d628a-8758-4434-85dd-5ca514881c38,2,54,es-la,2024-07-21T22:03:30+00:00,2024-07-21T22:03:30+00:00,19
b00ca6fd-4fab-4c8f-a981-4a89cefc5d89,0f592276-c0ad-49b7-a93a-0407bd09a9ea,2,55,es-la,2024-07-21T22:03:42+00:00,2024-07-21T22:03:42+00:00,20
b00ca6fd-4fab-4c8f-a981-4a89cefc5d89,4fc4eb79-fe0c-4bce-90df-16ce9ef65dea,2,56,es-la,2024-07-21T22:03:53+00:00,2024-07-21T22:03:53+00:00,18
b00ca6fd-4fab-4c8f-a981-4a89cefc5d89,44bb2a30-b436-468c-91d3-47a839469c3d,2,57,es-la,2024-07-21T22:04:02+00:00,2024-07-21T22:04:02+00:00,18
b00ca6fd-4fab-4c8f-a981-4a89cefc5d89,29f25cc6-7321-42de-b9f3-695fcb420a48,2,58,es-la,2024-07-21T22:04:12+00:00,2024-07-21T22:04:12+00:00,18
b00ca6fd-4fab-4c8f-a981-4a89cefc5d89,27ef3993-0c4c-4ce9-a894-af28ffbdf47a,2,59,es-la,2024-07-21T22:04:21+00:00,2024-07-21T22:04:21+00:00,18
b00ca6fd-4fab-4c8f-a981-4a89cefc5d89,ff072333-34eb-4125-bc1c-7eff4ba47bd7,2,60,es-la,2024-07-21T22:04:33+00:00,2024-07-21T22:04:33+00:00,19
b00ca6fd-4fab-4c8f-a981-4a89cefc5d89,9a3bd6b5-6467-4430-a7d9-41a8ca947545,2,61,es-la,2024-07-21T22:04:44+00:00,2024-07-21T22:04:44+00:00,20
b00ca6fd-4fab-4c8f-a981-4a89cefc5d89,0124b96e-6782-4315-a599-a82a844e91bd,2,62,es-la,2024-07-21T22:04:56+00:00,2024-07-21T22:04:56+00:00,21
b00ca6fd-4fab-4c8f-a981-4a89cefc5d89,2163fe68-3458-48fd-b6d8-53bccdeb1a1c,2,63,es-la,2024-07-21T22:05:06+00:00,2024-07-21T22:05:06+00:00,19
b00ca6fd-4fab-4c8f-a981-4a89cefc5d89,f07d2a9f-6b45-4edb-93f3-a25fbb4ae9a0,2,64,es-la,2024-07-21T22:05:16+00:00,2024-07-21T22:05:16+00:00,21
b00ca6fd-4fab-4c8f-a981-4a89cefc5d89,578d1026-8daf-4929-a95d-93914759d700,2,65,es-la,2024-07-21T22:05:29+00:00,2024-07-21T22:05:29+00:00,21
b00ca6fd-4fab-4c8f-a981-4a89cefc5d89,6531d541-0ca5-4f98-821b-5ce933aa4aa7,2,66,es-la,2024-07-21T22:05:39+00:00,2024-07-21T22:05:39+00:00,20
b00ca6fd-4fab-4c8f-a981-4a89cefc5d89,db4686f7-ebbb-490f-8650-269224ab08c9,2,67,es-la,2024-07-21T22:05:48+00:00,2024-07-21T22:05:48+00:00,21
b00ca6fd-4fab-4c8f-a981-4a89cefc5d89,081aaa4e-6f93-414b-96da-594565eb0958,2,68,es-la,2024-07-21T22:05:58+00:00,2024-07-21T22:05:58+00:00,21
b00ca6fd-4fab-4c8f-a981-4a89cefc5d89,0cab91e2-bf87-4445-bb58-5dda98548a22,2,69,es-la,2024-07-21T22:06:10+00:00,2024-07-21T22:06:10+00:00,22
b00ca6fd-4fab-4c8f-a981-4a89cefc5d89,03b7d9fb-1b18-4112-b429-e2ec57d2ccde,2,70,es-la,2024-07-21T22:06:18+00:00,2024-07-21T22:06:18+00:00,20
b00ca6fd-4fab-4c8f-a981-4a89cefc5d89,aee87b2a-e52a-4231-a55d-f6da6b9f1dcd,2,71,es-la,2024-07-21T22:06:29+00:00,2024-07-21T22:06:29+00:00,21
b00ca6fd-4fab-4c8f-a981-4a89cefc5d89,350cfdb2-44b9-4c82-87e9-845a0b4ccd33,2,72,es-la,2024-07-21T22:06:40+00:00,2024-07-21T22:06:40+00:00,22
b00ca6fd-4fab-4c8f-a981-4a89cefc5d89,630d31c0-1e93-4ad1-b10c-de1e2258526d,2,73,es-la,2024-07-21T22:06:51+00:00,2024-07-21T22:06:51+00:00,21
b3a76028-8968-4112-bef3-57a64e5d60c3,d5defe77-d5a2-415b-a7b1-72b0da9e6418,,3,pt-br,2020-12-22T19:23:00+00:00,2020-12-22T19:23:00+00:00,51
b3a76028-8968-4112-bef3-57a64e5d60c3,58e2500a-80af-444d-958c-8f3513f72772,,4,pt-br,2020-12-22T19:23:01+00:00,2020-12-22T19:23:01+00:00,51
b3a76028-8968-4112-bef3-57a64e5d60c3,6cc14f37-057b-4bcf-9267-4450230d16c4,,5,pt-br,2020-12-22T19:23:02+00:00,2020-12-22T19:23:02+00:00,51
b3a76028-8968-4112-bef3-57a64e5d60c3,3b0bada1-afc8-41c1-a429-86a590ac7fcc,,6,pt-br,2020-12-22T19:23:03+00:00,2020-12-22T19:23:03+00:00,51
b3a76028-8968-4112-bef3-57a64e5d60c3,421d0bbd-eb84-49ea-b0e6-ecfe92f91651,,8,pt-br,2020-12-22T19:23:04+00:00,2020-12-22T19:23:04+00:00,50
b3a76028-8968-4112-bef3-57a64e5d60c3,e2b5c4c8-1fed-4d5c-88b9-34d344320c29,,7,pt-br,2020-12-22T19:23:04+00:00,2020-12-22T19:23:04+00:00,51
b3a76028-8968-4112-bef3-57a64e5d60c3,0842f865-5429-4590-bf06-76c567e519db,,2,pt-br,2020-12-22T19:23:09+00:00,2020-12-22T19:23:09+00:00,51
b3a76028-8968-4112-bef3-57a64e5d60c3,d7903ef1-6cb1-4283-b67a-e8128c95ccfd,,9,pt-br,2020-12-23T21:14:19+00:00,2020-12-23T21:14:19+00:00,50
b3a76028-8968-4112-bef3-57a64e5d60c3,6e0f3c6b-13e0-4e3e-9ad2-7336c70e2bfd,,10,pt-br,2020-12-23T21:15:23+00:00,2020-12-23T21:15:23+00:00,50
b3a76028-8968-4112-bef3-57a64e5d60c3,135794af-9126-4840-8b9d-5e2a280002fb,,11,pt-br,2020-12-23T21:16:31+00:00,2020-12-23T21:16:31+00:00,50
b3a76028-8968-4112-bef3-57a64e5d60c3,ab4ecebc-7bf5-4145-abac-9f3851aad47f,,12,pt-br,2020-12-23T21:17:34+00:00,2020-12-23T21:17:34+00:00,50
b3a76028-8968-4112-bef3-57a64e5d60c3,2dc71e7c-d591-4ee0-b556-f5c2f3a64e7d,,22,fr,2020-12-31T17:51:10+00:00,2020-12-31T17:51:10+00:00,10
b3a76028-8968-4112-bef3-57a64e5d60c3,739814d4-438d-49d6-8424-bc89438df683,,23,fr,2021-01-22T14:56:41+00:00,2021-01-22T14:56:41+00:00,9
b3a76028-8968-4112-bef3-57a64e5d60c3,67ff2e3c-07d2-40e7-9e20-0ce71b73c405,,24,fr,2021-02-22T17:06:14+00:00,2021-02-22T17:06:14+00:00,8
b3a76028-8968-4112-bef3-57a64e5d60c3,cc3a4701-d460-4c12-9edb-1cac3fc03e57,,13,pt-br,2021-02-22T22:31:17+00:00,2021-02-22T22:31:17+00:00,8
b3a76028-8968-4112-bef3-57a64e5d60c3,67e4e90a-b108-4ac1-a43d-8e26c766ccc5,,25,fr,2021-03-15T14:51:00+00:00,2021-03-15T14:51:00+00:00,8
b3a76028-8968-4112-bef3-57a64e5d60c3,f7c7db1a-f81b-45e0-ad69-f24f2d374540,,36,pt-br,2022-10-02T18:21:59+00:00,2022-10-02T18:21:59+00:00,46
b3a76028-8968-4112-bef3-57a64e5d60c3,88180d83-f9c5-4001-a6c3-a900096a3bf7,,37,pt-br,2022-10-02T18:22:23+00:00,2022-10-02T18:22:23+00:00,49
b3a76028-8968-4112-bef3-57a64e5d60c3,d2e18527-cfd0-4166-a893-223edf3b3108,,38,pt-br,2022-11-06T04:06:02+00:00,2022-11-06T04:06:02+00:00,54
b3a76028-8968-4112-bef3-57a64e5d60c3,36cf0e0d-4075-4282-b488-f783312a4a82,,39,pt-br,2022-11-06T04:06:26+00:00,2022-11-06T04:06:26+00:00,51
b6f9aaad-6787-460c-bbb8-af9eb7bcc3e0,1831f4aa-b8ba-4415-b979-591bbabb00f5,,75,en,2025-02-09T03:50:47+00:00,2025-02-09T03:50:47+00:00,57
b6f9aaad-6787-460c-bbb8-af9eb7bcc3e0,0156af5c-5cc3-45f8-af96-19dd33612f7d,,16,pt-br,2025-02-14T02:30:13+00:00,2025-02-14T02:30:13+00:00,17
b6f9aaad-6787-460c-bbb8-af9eb7bcc3e0,181893c4-87a7-48ef-86e7-d75891554f7a,,17,pt-br,2025-02-15T20:43:02+00:00,2025-02-15T20:43:02+00:00,17
b6f9aaad-6787-460c-bbb8-af9eb7bcc3e0,ed7f842f-3620-4bb3-b91b-72925f88186b,,15,pl,2025-03-15T13:16:45+00:00,2025-03-15T13:16:45+00:00,79
b6f9aaad-6787-460c-bbb8-af9eb7bcc3e0,747ca6c5-2bab-44aa-9f33-b139594e67d4,,76,en,2025-03-19T02:26:52+00:00,2025-03-19T02:26:52+00:00,54
b6f9aaad-6787-460c-bbb8-af9eb7bcc3e0,4e9bb4ff-f4a2-4a45-bd6c-341e5d91b444,,77,en,2025-03-19T02:27:24+00:00,2025-03-19T02:27:24+00:00,51
b6f9aaad-6787-460c-bbb8-af9eb7bcc3e0,5fa3d7b4-ecea-44f4-8a6e-7e0885f070c4,,78,en,2025-03-19T02:28:04+00:00,2025-03-19T02:28:04+00:00,63
b6f9aaad-6787-460c-bbb8-af9eb7bcc3e0,7a664d01-7341-4fae-8d9c-6617d0ac36f0,,79,en,2025-04-09T23:38:55+00:00,2025-04-09T23:38:55+00:00,18
b6f9aaad-6787-460c-bbb8-af9eb7bcc3e0,27141a6c-e00e-4b2f-83e9-5d04d3b4be12,,80,en,2025-04-09T23:44:12+00:00,2025-04-09T23:44:12+00:00,25
b6f9aaad-6787-460c-bbb8-af9eb7bcc3e0,aabfcbed-09b3-402c-82a1-b977c2e305c7,,18,pl,2025-08-01T13:46:59+00:00,2025-08-01T13:46:59+00:00,88
b6f9aaad-6787-460c-bbb8-af9eb7bcc3e0,4625a0b2-d819-4ac0-a2eb-aeaf73391f37,,19,pl,2025-08-03T11:14:24+00:00,2025-08-03T11:14:24+00:00,88
b6f9aaad-6787-460c-bbb8-af9eb7bcc3e0,45845f00-95ba-43ec-b5c3-6bb33e733e87,,20,pl,2025-10-13T15:58:22+00:00,2025-10-13T15:58:22+00:00,79
b6f9aaad-6787-460c-bbb8-af9eb7bcc3e0,f84acecb-0eeb-48c6-b772-1d393aba292a,,21,pl,2025-10-18T12:15:35+00:00,2025-10-18T12:15:35+00:00,86
b6f9aaad-6787-460c-bbb8-af9eb7bcc3e0,df320617-973b-4864-b2fb-50200b20cdd3,,22,pl,2025-12-07T15:18:40+00:00,2025-12-07T15:18:40+00:00,75
b6f9aaad-6787-460c-bbb8-af9eb7bcc3e0,72bd56f8-a076-4246-87c3-bcb77710d210,,23,pl,2025-12-15T15:16:34+00:00,2025-12-15T15:16:34+00:00,91
b6f9aaad-6787-460c-bbb8-af9eb7bcc3e0,3b940f09-d29a-45fe-8943-9f3dfcb55f4c,,24,pl,2026-01-10T15:50:22+00:00,2026-01-10T15:50:22+00:00,91
b6f9aaad-6787-460c-bbb8-af9eb7bcc3e0,5613328a-4f0c-4530-80cc-03bde4762efa,,25,pl,2026-05-19T17:39:04+00:00,2026-05-19T17:39:04+00:00,91
bbed470c-5ca5-45ec-8101-474323387734,6c85dd38-3f30-474f-abe3-e41f20651323,,1,en,2026-08-24T08:39:34+00:00,2026-08-24T08:39:34+00:00,130
bbed470c-5ca5-45ec-8101-474323387734,deabf2f8-a013-426a-adb5-332643f3b309,,2,en,2026-08-25T06:34:14+00:00,2026-08-25T06:34:14+00:00,23
bbed470c-5ca5-45ec-8101-474323387734,5c0f3bb0-bba4-4c30-ad45-e5c99da4fbbb,,3,en,2026-08-26T06:37:12+00:00,2026-08-26T06:37:12+00:00,27
bbed470c-5ca5-45ec-8101-474323387734,d8b2ae59-b85a-4b43-9dd9-7e9b8e1af227,,4,en,2026-08-31T05:27:06+00:00,2026-08-31T05:27:06+00:00,27
bbed470c-5ca5-45ec-8101-474323387734,e643e3d3-61e5-4039-89c4-2c7d0595d3df,,5,en,2026-09-01T15:39:50+00:00,2026-09-01T15:39:50+00:00,25
bbed470c-5ca5-45ec-8101-474323387734,83ca2f93-155c-40a9-bf4b-f55b0bd4ecae,,6,en,2026-09-09T21:32:20+00:00,2026-09-09T21:32:20+00:00,28
bbed470c-5ca5-45ec-8101-474323387734,148f72a7-2377-4ddf-9ef9-ea502359ce22,,7,en,2026-09-09T23:28:43+00:00,2026-09-09T23:28:43+00:00,21
bbed470c-5ca5-45ec-8101-474323387734,873238c5-ac80-4452-9971-d97e5758d651,,8,en,2026-09-18T03:50:37+00:00,2026-09-18T03:50:37+00:00,25
bbed470c-5ca5-45ec-8101-474323387734,65e094f3-737d-4c2b-a8d6-8d056dc70eca,,9,en,2026-09-20T03:25:53+00:00,2026-09-20T03:25:53+00:00,23
bbed470c-5ca5-45ec-8101-474323387734,a0591037-4f62-437f-98cc-78de7d171abc,,10,en,2026-09-20T09:29:19+00:00,2026-09-20T09:29:19+00:00,27
bbed470c-5ca5-45ec-8101-474323387734,e7252c4e-6fc7-4539-8b1d-aee9172b0104,,11,en,2026-09-24T07:30:45+00:00,2026-09-24T07:30:45+00:00,22
bbed470c-5ca5-45ec-8101-474323387734,00407fc9-fe16-4410-827c-92eee4146408,,12,en,2026-09-24T15:55:08+00:00,2026-09-24T15:55:08+00:00,23
bdf3be62-4fcf-4190-be5a-cf0bc1f3d120,2e33360f-a2d0-4c90-a0b1-e61ffc92f0c9,,52,en,2025-03-01T02:09:14+00:00,2025-03-01T02:09:14+00:00,25
bdf3be62-4fcf-4190-be5a-cf0bc1f3d120,cbe5ba43-300f-4c40-8a6e-12c47d8b374e,,53,en,2025-03-01T02:10:38+00:00,2025-03-01T02:10:38+00:00,29
bdf3be62-4fcf-4190-be5a-cf0bc1f3d120,6b8dce12-6f0b-450e-9c11-d355dac9f880,,54,en,2025-03-01T02:13:52+00:00,2025-03-01T02:13:52+00:00,24
bdf3be62-4fcf-4190-be5a-cf0bc1f3d120,c2ed51eb-9e67-4ef8-9d9c-5610718f1b87,,55,en,2025-03-01T02:14:56+00:00,2025-03-01T02:14:56+00:00,22
bdf3be62-4fcf-4190-be5a-cf0bc1f3d120,99c92e53-5756-4da8-8eec-b8921166cbbe,,56,en,2025-03-02T06:07:12+00:00,2025-03-02T06:07:12+00:00,20
bdf3be62-4fcf-4190-be5a-cf0bc1f3d120,cfc385d5-9538-411c-bb97-574932f72936,,57,en,2025-03-02T06:09:38+00:00,2025-03-02T06:09:38+00:00,16
bdf3be62-4fcf-4190-be5a-cf0bc1f3d120,466593bc-f00e-4386-b5e0-383ce1b59552,,58,en,2025-03-02T06:14:55+00:00,2025-03-02T06:14:55+00:00,21
bdf3be62-4fcf-4190-be5a-cf0bc1f3d120,8e2c43de-8272-4a99-8f6d-9f599e0d3996,,59,en,2025-03-09T02:29:18+00:00,2025-03-09T02:29:18+00:00,18
bdf3be62-4fcf-4190-be5a-cf0bc1f3d120,823a9727-730c-44ec-aee8-8d56e7013207,,60,en,2025-03-15T00:37:54+00:00,2025-03-15T00:37:54+00:00,16
bdf3be62-4fcf-4190-be5a-cf0bc1f3d120,a4b248f0-4b62-4be7-8b1f-16d5f984a39a,,61,en,2025-03-17T02:56:09+00:00,2025-03-17T02:56:09+00:00,21
bdf3be62-4fcf-4190-be5a-cf0bc1f3d120,21be9eac-33af-4062-be66-b13bd53a3b48,,1,pt-br,2026-08-31T02:02:49+00:00,2026-08-31T02:02:49+00:00,
bdf3be62-4fcf-4190-be5a-cf0bc1f3d120,74c2252c-fac0-4e36-9b11-daf4ed8e0d82,,2,pt-br,2026-08-31T02:03:45+00:00,2026-08-31T02:03:45+00:00,
bdf3be62-4fcf-4190-be5a-cf0bc1f3d120,719083ae-1747-42db-8f37-a09ebf562b9b,,3,pt-br,2026-08-31T02:04:45+00:00,2026-08-31T02:04:45+00:00,
bdf3be62-4fcf-4190-be5a-cf0bc1f3d120,d2640b44-dda1-470f-aa3d-8b452c14184f,,4,pt-br,2026-08-31T02:05:45+00:00,2026-08-31T02:05:45+00:00,
bdf3be62-4fcf-4190-be5a-cf0bc1f3d120,b0b0d95d-c2e7-4dce-b98e-45015236c6e6,,5,pt-br,2026-08-31T02:06:45+00:00,2026-08-31T02:06:45+00:00,
bdf3be62-4fcf-4190-be5a-cf0bc1f3d120,69ab95a2-7c85-437c-9e84-e107d1c4bf7a,,6,pt-br,2026-08-31T02:07:46+00:00,2026-08-31T02:07:46+00:00,
bdf3be62-4fcf-4190-be5a-cf0bc1f3d120,8b02aa6a-3465-4046-bace-cd4fde09c935,,7,pt-br,2026-08-31T02:08:46+00:00,2026-08-31T02:08:46+00:00,
bdf3be62-4fcf-4190-be5a-cf0bc1f3d120,3df8195d-2b2e-435f-9c2d-69fc73d774b0,,8,pt-br,2026-08-31T02:09:47+00:00,2026-08-31T02:09:47+00:00,
bdf3be62-4fcf-4190-be5a-cf0bc1f3d120,dc88d897-827f-4b07-95b8-cb86dbc611cc,,10,pt-br,2026-08-31T02:11:47+00:00,2026-08-31T02:11:47+00:00,
bdf3be62-4fcf-4190-be5a-cf0bc1f3d120,0457f7e5-f2c2-470e-8997-d1d3f87a693e,,119,pt-br,2026-09-02T11:55:32+00:00,2026-09-02T11:55:32+00:00,
c22759b2-f492-471c-a80f-37e672cfb3b4,5766bd4e-2337-4c2c-84e8-d4d336e94605,,1,es,2026-09-09T20:21:24+00:00,2026-09-09T20:21:24+00:00,16
c22759b2-f492-471c-a80f-37e672cfb3b4,aa1960fd-e6e5-4157-a2bf-8ad15d1451fc,,2,es,2026-09-09T20:21:26+00:00,2026-09-09T20:21:26+00:00,14
c22759b2-f492-471c-a80f-37e672cfb3b4,e95093ad-f57c-44be-942c-c59091bcedeb,,3,es,2026-09-09T20:21:27+00:00,2026-09-09T20:21:27+00:00,14
c22759b2-f492-471c-a80f-37e672cfb3b4,247588e5-7442-407f-907b-2ee8c2c3c5ce,,4,es,2026-09-09T20:21:29+00:00,2026-09-09T20:21:29+00:00,14
c22759b2-f492-471c-a80f-37e672cfb3b4,f89ab143-9c85-4ffc-beb4-b24c8cff5076,,5,es,2026-09-09T20:21:31+00:00,2026-09-09T20:21:31+00:00,14
c22759b2-f492-471c-a80f-37e672cfb3b4,a359db9c-a2fb-4ebd-80f9-e1d0cb0e5bc8,,6,es,2026-09-09T20:21:33+00:00,2026-09-09T20:21:33+00:00,16
c22759b2-f492-471c-a80f-37e672cfb3b4,deec6b94-7bcc-4584-8bd5-d3170d9c780b,,7,es,2026-09-09T20:21:35+00:00,2026-09-09T20:21:35+00:00,15
c22759b2-f492-471c-a80f-37e672cfb3b4,86d98261-79bf-413c-a637-d66480afe3f0,,8,es,2026-09-09T20:21:38+00:00,2026-09-09T20:21:38+00:00,14
c22759b2-f492-471c-a80f-37e672cfb3b4,ad41a5f6-eecd-4c4d-9487-2fa6edefa658,,9,es,2026-09-27T09:56:36+00:00,2026-09-27T09:56:36+00:00,14
c93a3547-f919-4f04-b17d-b9a75c47fe92,e2521973-8f85-4c03-8663-6d9511e8b362,,1,ar,2026-09-29T19:39:52+00:00,2026-09-29T19:39:52+00:00,21
d2a01e38-1c0d-4e4b-a9ae-21d119e8b326,f819f36a-dc32-4278-9a71-c126498f2f13,2,51,it,2026-09-09T21:57:38+00:00,2026-09-09T21:57:38+00:00,73
d2a01e38-1c0d-4e4b-a9ae-21d119e8b326,53a1d701-c4fa-45a6-9ae8-965e3e67a762,2,52,it,2026-09-09T21:59:06+00:00,2026-09-09T21:59:06+00:00,69
d2a01e38-1c0d-4e4b-a9ae-21d119e8b326,0c360c84-f405-42e1-b043-74c7c6e8b225,2,53,it,2026-09-09T22:00:59+00:00,2026-09-09T22:00:59+00:00,72
d2a01e38-1c0d-4e4b-a9ae-21d119e8b326,8fdcb00b-2f3b-4120-95f1-4a20159f6725,1,0,pt-br,2026-09-09T22:13:46+00:00,2026-09-09T22:13:46+00:00,14
d2a01e38-1c0d-4e4b-a9ae-21d119e8b326,3b4f817e-e898-470c-b866-23248c39316f,2,54,it,2026-09-10T09:29:57+00:00,2026-09-10T09:29:57+00:00,71
d2a01e38-1c0d-4e4b-a9ae-21d119e8b326,2b9edd0a-3ef5-4a9d-8fc3-d0912a15dcb0,2,55,it,2026-09-10T09:33:02+00:00,2026-09-10T09:33:02+00:00,67
d2a01e38-1c0d-4e4b-a9ae-21d119e8b326,1a05afb8-e520-4fb6-bf21-5b06cc510a6b,2,56,it,2026-09-10T09:34:51+00:00,2026-09-10T09:34:51+00:00,78
d2a01e38-1c0d-4e4b-a9ae-21d119e8b326,98ec2c56-fc1a-4c64-8872-48df082bde18,2,57,it,2026-09-10T09:36:32+00:00,2026-09-10T09:36:32+00:00,60
d2a01e38-1c0d-4e4b-a9ae-21d119e8b326,ae386fb1-12fd-4150-9022-10c18eb54c5d,2,58,it,2026-09-10T09:37:48+00:00,2026-09-10T09:37:48+00:00,60
d2a01e38-1c0d-4e4b-a9ae-21d119e8b326,740b3cca-8546-4f69-9599-2454fb6ae074,2,59,it,2026-09-10T09:39:17+00:00,2026-09-10T09:39:17+00:00,75
d2a01e38-1c0d-4e4b-a9ae-21d119e8b326,d2275af8-f911-4801-a319-e86252170fdc,2,60,it,2026-09-10T09:40:38+00:00,2026-09-10T09:40:38+00:00,73
d2a01e38-1c0d-4e4b-a9ae-21d119e8b326,dbb38b89-c793-462f-b806-b8e43f5a17ce,2,61,it,2026-09-10T09:42:09+00:00,2026-09-10T09:42:09+00:00,55
d2a01e38-1c0d-4e4b-a9ae-21d119e8b326,c512d3ec-3449-4bc1-a962-abbfec5fa2aa,2,62,it,2026-09-10T09:43:30+00:00,2026-09-10T09:43:30+00:00,56
d2a01e38-1c0d-4e4b-a9ae-21d119e8b326,48c149e6-3f6a-4d87-8b2d-e9e1557c454e,2,63,it,2026-09-10T09:44:31+00:00,2026-09-10T09:44:31+00:00,64
d2a01e38-1c0d-4e4b-a9ae-21d119e8b326,224e8a96-3a52-45b8-b4d9-5174cccb195e,2,64,it,2026-09-10T09:45:16+00:00,2026-09-10T09:45:16+00:00,77
d2a01e38-1c0d-4e4b-a9ae-21d119e8b326,7c57fc07-818d-4dc5-ae9b-3cec658d3bbe,2,65,it,2026-09-10T09:46:37+00:00,2026-09-10T09:46:37+00:00,70
d2a01e38-1c0d-4e4b-a9ae-21d119e8b326,930d8062-0b8e-44b2-8687-18a6ce073cc6,2,66,it,2026-09-10T09:47:43+00:00,2026-09-10T09:47:43+00:00,69
d2a01e38-1c0d-4e4b-a9ae-21d119e8b326,980f6709-1dad-4883-ba22-ba22fb028756,2,67,it,2026-09-10T09:48:28+00:00,2026-09-10T09:48:28+00:00,67
d2a01e38-1c0d-4e4b-a9ae-21d119e8b326,f8bf2f48-a34b-493f-8923-2f08cd92e524,2,68,it,2026-09-10T09:50:01+00:00,2026-09-10T09:50:01+00:00,58
d2a01e38-1c0d-4e4b-a9ae-21d119e8b326,ce4cd555-09c4-4e18-8a29-fa0d3ca64e43,2,69,it,2026-09-10T09:51:21+00:00,2026-09-10T09:51:21+00:00,63
d2a01e38-1c0d-4e4b-a9ae-21d119e8b326,9e114686-1dcb-4168-9f86-a7269404a128,1,1,pt-br,2026-10-01T19:02:35+00:00,2026-10-01T19:02:35+00:00,62
db1f4c31-f92f-4f4f-a8c6-fc898e432888,50c54317-0aaf-4971-983d-da1aab1bc7e0,,50,pl,2025-10-26T19:20:29+00:00,2025-10-26T19:20:29+00:00,77
db1f4c31-f92f-4f4f-a8c6-fc898e432888,cdf88cc4-b818-40d4-b329-2461b04e2a66,,51,pl,2025-11-03T22:06:18+00:00,2025-11-03T22:06:18+00:00,78
db1f4c31-f92f-4f4f-a8c6-fc898e432888,b7e71ac0-7a98-451d-a57d-0a6d7f94db0c,,52,pl,2025-12-23T13:46:37+00:00,2025-12-23T13:46:37+00:00,66
db1f4c31-f92f-4f4f-a8c6-fc898e432888,8ba5cbab-df84-47fc-a2c7-ccfd87936225,,53,pl,2026-01-02T20:47:18+00:00,2026-01-02T20:47:18+00:00,77
db1f4c31-f92f-4f4f-a8c6-fc898e432888,715905d2-a1e7-417d-bf7d-dced0504bf9c,,54,pl,2026-01-20T20:24:02+00:00,2026-01-20T20:24:02+00:00,80
db1f4c31-f92f-4f4f-a8c6-fc898e432888,d37fa272-709f-4629-914d-e64c75a592d8,,55,pl,2026-02-21T15:11:19+00:00,2026-02-21T15:11:19+00:00,72
db1f4c31-f92f-4f4f-a8c6-fc898e432888,4fe2990d-e2ce-4279-983f-41d0ce218904,,56,pl,2026-02-25T21:35:25+00:00,2026-02-25T21:35:25+00:00,21
db1f4c31-f92f-4f4f-a8c6-fc898e432888,337db67c-048c-43be-8467-8445d012f272,,57,pl,2026-03-07T09:28:40+00:00,2026-03-07T09:28:40+00:00,66
db1f4c31-f92f-4f4f-a8c6-fc898e432888,12cb06a2-90d9-4612-aeb2-5cadcabf589a,,58,pl,2026-03-19T23:32:38+00:00,2026-03-19T23:32:38+00:00,59
db1f4c31-f92f-4f4f-a8c6-fc898e432888,2839ff5c-4eac-4d59-aeef-d91089ac8df3,,59,pl,2026-04-01T20:20:55+00:00,2026-04-01T20:20:55+00:00,81
db1f4c31-f92f-4f4f-a8c6-fc898e432888,d0d949d3-1410-4255-b7ed-017302182606,,60,pl,2026-04-22T20:07:44+00:00,2026-04-22T20:07:44+00:00,76
db1f4c31-f92f-4f4f-a8c6-fc898e432888,17554542-dffa-4e5b-9d18-4c748d25d427,,61,pl,2026-05-14T18:07:15+00:00,2026-05-14T18:07:15+00:00,76
db1f4c31-f92f-4f4f-a8c6-fc898e432888,c7a66a2c-76b3-4599-8a59-ae9bb71ca63b,,62,pl,2026-05-29T06:21:53+00:00,2026-05-29T06:21:53+00:00,72
db1f4c31-f92f-4f4f-a8c6-fc898e432888,6df059f5-b092-47fe-9a56-451d9aa63346,,63,pl,2026-06-15T21:16:03+00:00,2026-06-15T21:16:03+00:00,72
db1f4c31-f92f-4f4f-a8c6-fc898e432888,f5013fe8-607e-4e01-bb63-dac3d64abae5,,64,pl,2026-06-23T08:43:45+00:00,2026-06-23T08:43:45+00:00,83
db1f4c31-f92f-4f4f-a8c6-fc898e432888,d70a8ce6-b24f-46be-b3e5-7499755868bb,,65,pl,2026-07-12T16:48:10+00:00,2026-07-12T16:48:10+00:00,76
db1f4c31-f92f-4f4f-a8c6-fc898e432888,2d172626-ec73-4f60-b80d-d587295a441c,,66,pl,2026-07-31T06:21:04+00:00,2026-07-31T06:21:04+00:00,73
db1f4c31-f92f-4f4f-a8c6-fc898e432888,836c330e-737b-45f1-95b9-8e75dae27b39,,67,pl,2026-08-24T16:37:11+00:00,2026-08-24T16:37:11+00:00,62
db1f4c31-f92f-4f4f-a8c6-fc898e432888,492e0549-299c-49da-be21-1d73528a8292,,68,pl,2026-09-11T06:26:39+00:00,2026-09-11T06:26:39+00:00,82
db1f4c31-f92f-4f4f-a8c6-fc898e432888,21e4cff7-ddd1-4a04-a8cf-6b3570836afb,1,1,ro,2026-09-20T14:24:26+00:00,2026-09-20T14:24:26+00:00,21
db1f4c31-f92f-4f4f-a8c6-fc898e432888,a43e95fd-6bc7-4ca8-a63f-397733325cf4,,69,pl,2026-09-28T08:52:25+00:00,2026-09-28T08:52:25+00:00,73
dd16dbbc-c317-4f62-8cf5-3525b4083aab,ae9041cc-4a3c-47eb-837a-be09ad6d7d40,,1,en,2026-08-22T23:41:24+00:00,2026-08-22T23:41:24+00:00,32
dd16dbbc-c317-4f62-8cf5-3525b4083aab,226ba714-ae19-4cdf-a6ef-41c5984f8b4a,,2,en,2026-08-22T23:46:15+00:00,2026-08-22T23:46:15+00:00,25
dd16dbbc-c317-4f62-8cf5-3525b4083aab,7456a8f4-1dd8-44c4-9a5a-37ae98925890,,3,en,2026-08-22T23:55:15+00:00,2026-08-22T23:55:15+00:00,27
dd16dbbc-c317-4f62-8cf5-3525b4083aab,34fe8a25-65b0-43c6-8079-dc24c633bfbf,,4,en,2026-08-23T00:07:15+00:00,2026-08-23T00:07:15+00:00,28
e7a92445-d4ee-411a-8680-17dfd699ee5f,45f57a2a-b39c-41c9-88e7-f1f1d5c7b622,,1,pt-br,2026-09-09T23:56:16+00:00,2026-09-09T23:56:16+00:00,22
e7a92445-d4ee-411a-8680-17dfd699ee5f,0e8e29cc-ae96-4017-8b96-561d02c44d75,,2,pt-br,2026-09-11T18:14:29+00:00,2026-09-11T18:14:29+00:00,15
e7a92445-d4ee-411a-8680-17dfd699ee5f,4e8906d3-64ca-4a04-8356-20e86898bf61,,3,pt-br,2026-09-14T20:56:16+00:00,2026-09-14T20:56:16+00:00,16
e7a92445-d4ee-411a-8680-17dfd699ee5f,ce3e132c-ed8e-405f-b29b-0bc1ffaea855,,4,pt-br,2026-09-15T20:11:17+00:00,2026-09-15T20:11:17+00:00,18
f0205fd6-a03a-4a91-ae6c-ad103284e5dd,180f6ec9-e05e-4ae9-9b36-e1e782802d71,,9,en,2024-06-06T02:27:44+00:00,2024-06-06T02:27:44+00:00,30
f0205fd6-a03a-4a91-ae6c-ad103284e5dd,0bdd8f16-9e89-45d3-9366-8a39fa746e78,,10,en,2024-06-06T02:30:56+00:00,2024-06-06T02:30:56+00:00,28
f0205fd6-a03a-4a91-ae6c-ad103284e5dd,f85646c3-1730-47b7-8bcc-e7225c91636c,,11,en,2024-06-06T02:37:36+00:00,2024-06-06T02:37:36+00:00,37
f0205fd6-a03a-4a91-ae6c-ad103284e5dd,56dfa8b4-0dc6-4cfe-acb4-af7ae24a9e82,,12,en,2024-06-06T02:42:15+00:00,2024-06-06T02:42:15+00:00,28
f0205fd6-a03a-4a91-ae6c-ad103284e5dd,3012be3e-409e-4a4a-83fb-a6085c091c5f,,13,en,2024-06-06T02:43:45+00:00,2024-06-06T02:43:45+00:00,24
f0205fd6-a03a-4a91-ae6c-ad103284e5dd,9c7663de-c869-4f3d-bfde-8ad8d8590599,,14,en,2024-06-06T02:46:52+00:00,2024-06-06T02:46:52+00:00,29
f0205fd6-a03a-4a91-ae6c-ad103284e5dd,11171722-6c48-4ae3-8163-484811dc9737,,15,en,2024-06-06T02:51:01+00:00,2024-06-06T02:51:01+00:00,29
f0205fd6-a03a-4a91-ae6c-ad103284e5dd,116ab94e-82b2-4155-a447-0a053ae5b0db,,16,en,2024-06-06T02:51:53+00:00,2024-06-06T02:51:53+00:00,31
f0205fd6-a03a-4a91-ae6c-ad103284e5dd,abf4b2a5-cae9-4061-a5c2-04382b66c29d,,17,en,2024-06-06T02:53:26+00:00,2024-06-06T02:53:26+00:00,30
f0205fd6-a03a-4a91-ae6c-ad103284e5dd,ee3ea5c1-5c24-4b0c-838b-78a5ada7ca9a,,18,en,2024-06-06T02:54:41+00:00,2024-06-06T02:54:41+00:00,25
f0205fd6-a03a-4a91-ae6c-ad103284e5dd,f11c2e8a-f66b-4d5e-bf41-e7a568deccf6,,19,en,2024-06-06T02:57:35+00:00,2024-06-06T02:57:35+00:00,28
f0205fd6-a03a-4a91-ae6c-ad103284e5dd,8ce9f95e-11e6-426c-b749-35664d5ee8e9,,20,en,2024-06-06T02:59:46+00:00,2024-06-06T02:59:46+00:00,32
f0205fd6-a03a-4a91-ae6c-ad103284e5dd,be390da1-7d30-42ee-bd26-13d93203b600,,21,en,2024-06-06T03:10:20+00:00,2024-06-06T03:10:20+00:00,30
f0205fd6-a03a-4a91-ae6c-ad103284e5dd,997eb1b7-5760-4625-bb76-e9578b8adbcc,,22,en,2024-06-06T03:12:02+00:00,2024-06-06T03:12:02+00:00,29
f0205fd6-a03a-4a91-ae6c-ad103284e5dd,646acd75-99da-499e-83c6-67cba33a660a,,23,en,2024-06-06T03:13:56+00:00,2024-06-06T03:13:56+00:00,27
f0205fd6-a03a-4a91-ae6c-ad103284e5dd,fc1eeb25-1ba1-4413-8ff3-789917029d13,,24,en,2024-06-06T03:15:53+00:00,2024-06-06T03:15:53+00:00,32
f0205fd6-a03a-4a91-ae6c-ad103284e5dd,c8439262-d959-4907-8141-6dfdc5c3719d,,25,en,2024-06-06T03:19:58+00:00,2024-06-06T03:19:58+00:00,30
f0205fd6-a03a-4a91-ae6c-ad103284e5dd,ca88f59a-c1e8-4e87-b889-743461dd2bbf,,26,en,2024-06-06T03:21:51+00:00,2024-06-06T03:21:51+00:00,27
f0205fd6-a03a-4a91-ae6c-ad103284e5dd,033d1df9-b143-421f-b676-8bec5f26b914,,27,en,2024-06-06T03:23:19+00:00,2024-06-06T03:23:19+00:00,31
f0205fd6-a03a-4a91-ae6c-ad103284e5dd,e1668421-c9a9-4598-acd2-26cba4d305af,,28,en,2024-06-28T22:38:58+00:00,2024-06-28T22:38:58+00:00,29
f7a990c5-f685-49d2-9009-de6a2a89c7a9,28513f3b-6d54-4495-98f2-7f0c0ff41b81,,173,ko,2025-06-02T14:24:50+00:00,2025-06-02T14:24:50+00:00,
f7a990c5-f685-49d2-9009-de6a2a89c7a9,b694c520-935a-4bbb-8b48-c628522b91d4,,174,ko,2025-06-02T14:24:51+00:00,2025-06-02T14:24:51+00:00,
f7a990c5-f685-49d2-9009-de6a2a89c7a9,8f4bfccc-803c-4ee4-a841-879b784e77d1,,175,ko,2025-06-02T14:24:53+00:00,2025-06-02T14:24:53+00:00,
f7a990c5-f685-49d2-9009-de6a2a89c7a9,73fbcbac-6f88-4707-b2a1-91532569ea0e,,176,ko,2025-06-02T14:24:55+00:00,2025-06-02T14:24:55+00:00,
f7a990c5-f685-49d2-9009-de6a2a89c7a9,bfc2b890-3081-4c63-b550-b83b7d99349a,,177,ko,2025-06-02T14:24:57+00:00,2025-06-02T14:24:57+00:00,
f7a990c5-f685-49d2-9009-de6a2a89c7a9,1c5785e2-dead-456d-8d57-213ce8f95435,,178,ko,2025-06-02T14:24:59+00:00,2025-06-02T14:24:59+00:00,
f7a990c5-f685-49d2-9009-de6a2a89c7a9,d172cde9-d0a7-4c9d-90cc-6e194fa2c107,,179,ko,2025-06-02T14:25:01+00:00,2025-06-02T14:25:01+00:00,
f7a990c5-f685-49d2-9009-de6a2a89c7a9,96b4eeb7-d496-4f94-aa4d-506efdb0b70d,,180,ko,2025-06-02T14:25:02+00:00,2025-06-02T14:25:02+00:00,
f7a990c5-f685-49d2-9009-de6a2a89c7a9,c283946a-5457-4612-a595-7e5df2dea5ba,,181,ko,2025-06-02T14:25:04+00:00,2025-06-02T14:25:04+00:00,
f7a990c5-f685-49d2-9009-de6a2a89c7a9,bf52c201-698f-4936-bf94-f6232192d080,,182,ko,2025-06-02T14:25:06+00:00,2025-06-02T14:25:06+00:00,
f7a990c5-f685-49d2-9009-de6a2a89c7a9,23755a66-95f3-41b5-8e7d-aa2be262e5e2,,183,ko,2025-06-02T14:25:08+00:00,2025-06-02T14:25:08+00:00,
f7a990c5-f685-49d2-9009-de6a2a89c7a9,665e3137-06b8-4546-8b24-9cf21240cb7f,,184,ko,2025-06-02T14:25:10+00:00,2025-06-02T14:25:10+00:00,
f7a990c5-f685-49d2-9009-de6a2a89c7a9,a99bd4b9-dde1-4094-af1f-ab7816c39368,,185,ko,2025-06-02T14:25:11+00:00,2025-06-02T14:25:11+00:00,
f7a990c5-f685-49d2-9009-de6a2a89c7a9,bae584d6-f199-4bcf-bdf4-e14e4439aefb,,186,ko,2025-06-02T14:25:13+00:00,2025-06-02T14:25:13+00:00,
f7a990c5-f685-49d2-9009-de6a2a89c7a9,8ed77b42-0488-44d7-b4e6-c8e78180989a,,187,ko,2025-06-02T14:25:15+00:00,2025-06-02T14:25:15+00:00,
f7a990c5-f685-49d2-9009-de6a2a89c7a9,ad5d1564-c03d-42d9-b9f1-8875fe08a468,,188,ko,2025-06-02T14:25:17+00:00,2025-06-02T14:25:17+00:00,
f7a990c5-f685-49d2-9009-de6a2a89c7a9,68572c4d-3294-460a-aea0-1a83a8895663,,189,ko,2025-06-02T14:25:19+00:00,2025-06-02T14:25:19+00:00,
f7a990c5-f685-49d2-9009-de6a2a89c7a9,c991455d-6941-4377-aa99-3da93235ae3d,,190,ko,2025-06-02T14:25:21+00:00,2025-06-02T14:25:21+00:00,
f7a990c5-f685-49d2-9009-de6a2a89c7a9,38b9bed7-da9f-49e9-9ef4-202de0389451,,162,ko,2025-06-02T14:28:28+00:00,2025-06-02T14:28:28+00:00,
f7a990c5-f685-49d2-9009-de6a2a89c7a9,9c588ce3-2065-4cae-bd1a-0285aedc129a,,2,zh-hk,2025-07-11T13:36:05+00:00,2025-07-11T13:36:05+00:00,1
f8c98885-7da1-4a6f-9954-74cd8350c9e4,9847f381-74f9-4d97-a762-85b46e7200bc,,1,pt-br,2025-12-10T00:48:39+00:00,2025-12-10T00:48:39+00:00,60
f8c98885-7da1-4a6f-9954-74cd8350c9e4,d76fd22b-4cca-448b-be9a-7c4df1150f71,,2,pt-br,2025-12-10T00:52:05+00:00,2025-12-10T00:52:05+00:00,69
f90df7aa-c8cd-4ca7-842c-b3dbe38b8b2a,40ffc74b-02a2-45ac-8c22-c75f085d4d7c,,1,pt-br,2026-09-27T02:21:43+00:00,2026-09-27T02:21:43+00:00,80
fa6793c8-7523-4f4a-93a1-1f44fd8110c4,fd3423c0-5d42-4c8a-8783-da4c0342e6f6,,,en,2023-04-28T21:32:18+00:00,2023-04-28T21:32:18+00:00,3
fa6793c8-7523-4f4a-93a1-1f44fd8110c4,fd5b57c6-5df3-41c3-b7d9-e42b981fd5d2,,,id,2023-04-30T01:08:40+00:00,2023-04-30T01:08:40+00:00,2
fcea68c1-e1fb-41bd-8eb0-3cd8d6d97e7e,e3d4e69e-2a83-4492-9603-507fbff406e7,,1,es-la,2026-08-09T16:44:05+00:00,2026-08-09T16:44:05+00:00,95
fcea68c1-e1fb-41bd-8eb0-3cd8d6d97e7e,3d2420cb-c57d-41ae-8bdc-db0b807a906d,,2,es-la,2026-08-13T23:29:07+00:00,2026-08-13T23:29:07+00:00,36
fcea68c1-e1fb-41bd-8eb0-3cd8d6d97e7e,8eb835d5-3427-449e-aef9-6165ecc13d08,,3,es-la,2026-08-15T14:18:56+00:00,2026-08-15T14:18:56+00:00,39
fcea68c1-e1fb-41bd-8eb0-3cd8d6d97e7e,7f96a506-e8ab-4ddb-a0a5-a20ec2940684,,4,es-la,2026-08-16T20:38:26+00:00,2026-08-16T20:38:26+00:00,32
fcea68c1-e1fb-41bd-8eb0-3cd8d6d97e7e,1c488b1c-086f-4a4b-be08-455a841ab3a3,,5,es-la,2026-08-18T15:03:17+00:00,2026-08-18T15:03:17+00:00,36
fcea68c1-e1fb-41bd-8eb0-3cd8d6d97e7e,d1157bea-3572-4f4c-a487-da353d350282,,6,es-la,2026-08-18T15:04:53+00:00,2026-08-18T15:04:53+00:00,24
fcea68c1-e1fb-41bd-8eb0-3cd8d6d97e7e,f4f98d4f-91c9-4339-8861-72cf4e48061a,,7,es-la,2026-08-18T21:01:30+00:00,2026-08-18T21:01:30+00:00,24
fcea68c1-e1fb-41bd-8eb0-3cd8d6d97e7e,4a57aac4-5d52-4a52-a1e5-a6f2fdfa12cc,,8,es-la,2026-08-19T20:11:29+00:00,2026-08-19T20:11:29+00:00,50
fcea68c1-e1fb-41bd-8eb0-3cd8d6d97e7e,39627ac5-741d-43f6-98ac-07b316c8c254,,9,es-la,2026-08-30T18:39:17+00:00,2026-08-30T18:39:17+00:00,73
fcea68c1-e1fb-41bd-8eb0-3cd8d6d97e7e,c2e6e9f5-01b5-4ee9-9c09-cd92b56be9a3,,10,es-la,2026-09-07T21:14:34+00:00,2026-09-07T21:14:34+00:00,85
fcea68c1-e1fb-41bd-8eb0-3cd8d6d97e7e,3c2d92d5-075e-4a16-98b5-1e8f10b78639,,11,es-la,2026-09-07T22:57:09+00:00,2026-09-07T22:57:09+00:00,34
fe7d5dbe-6f0a-42ed-9a83-67a4315bd3ee,2f64a9e3-373d-44a5-af6e-3a7669fff0d7,2,62,en,2025-03-13T01:41:28+00:00,2025-03-13T01:41:28+00:00,64
fe7d5dbe-6f0a-42ed-9a83-67a4315bd3ee,b1c1be71-c2c4-411e-9254-5eb37e9803ae,2,63,en,2025-03-13T01:42:50+00:00,2025-03-13T01:42:50+00:00,71
fe7d5dbe-6f0a-42ed-9a83-67a4315bd3ee,c8f9ad67-8901-4bd3-b036-25171042432a,2,64,en,2025-03-21T03:59:26+00:00,2025-03-21T03:59:26+00:00,69
fe7d5dbe-6f0a-42ed-9a83-67a4315bd3ee,3a52909e-692f-4241-9ae1-31d18999114e,2,65,en,2025-04-12T00:44:59+00:00,2025-04-12T00:44:59+00:00,65
fe7d5dbe-6f0a-42ed-9a83-67a4315bd3ee,04f6ab94-100b-4f0a-abd6-896dc5c7be56,2,66,en,2025-04-12T00:46:14+00:00,2025-04-12T00:46:14+00:00,65
fe7d5dbe-6f0a-42ed-9a83-67a4315bd3ee,84351cdd-4762-4151-8ba3-55f20e543ac7,2,67,en,2025-04-12T00:47:52+00:00,2025-04-12T00:47:52+00:00,79
fe7d5dbe-6f0a-42ed-9a83-67a4315bd3ee,0eebb5ae-724f-411a-b831-adb8109bb236,2,68,en,2025-05-07T02:45:23+00:00,2025-05-07T02:45:23+00:00,70
fe7d5dbe-6f0a-42ed-9a83-67a4315bd3ee,9cfc35d1-07eb-4d2f-a9c3-15786af74d6a,2,69,en,2025-05-07T02:46:07+00:00,2025-05-07T02:46:07+00:00,67
fe7d5dbe-6f0a-42ed-9a83-67a4315bd3ee,be41fbaa-2804-4866-ab71-9768f259b5bd,2,70,en,2025-05-07T02:47:01+00:00,2025-05-07T02:47:01+00:00,53
fe7d5dbe-6f0a-42ed-9a83-67a4315bd3ee,b2079a52-8f95-4f15-89f5-af9e2bedb8f8,2,71,en,2025-05-07T02:49:38+00:00,2025-05-07T02:49:38+00:00,66
fe7d5dbe-6f0a-42ed-9a83-67a4315bd3ee,1214257d-8c43-4aa7-994d-1d0dde1c25a3,2,72,en,2025-05-13T06:11:47+00:00,2025-05-13T06:11:47+00:00,67
fe7d5dbe-6f0a-42ed-9a83-67a4315bd3ee,36d635cc-c016-4e10-ab84-4d38873af32d,2,73,en,2025-06-20T16:43:02+00:00,2025-06-20T16:43:02+00:00,72
fe7d5dbe-6f0a-42ed-9a83-67a4315bd3ee,16a1b4d7-828c-4ef5-8d28-6e9e8761c50d,2,75,en,2026-01-06T04:28:55+00:00,2026-01-06T04:28:55+00:00,33
fe7d5dbe-6f0a-42ed-9a83-67a4315bd3ee,399a56bf-4632-4822-9106-821a1594ff1c,2,76,en,2026-01-06T04:29:23+00:00,2026-01-06T04:29:23+00:00,51
fe7d5dbe-6f0a-42ed-9a83-67a4315bd3ee,540cb65d-a49d-42af-a477-6d416dacbe25,2,77,en,2026-01-06T04:29:53+00:00,2026-01-06T04:29:53+00:00,55
fe7d5dbe-6f0a-42ed-9a83-67a4315bd3ee,38a7ec1b-435f-4d0d-91ca-11e25129c051,2,78,en,2026-01-06T04:30:17+00:00,2026-01-06T04:30:17+00:00,44
fe7d5dbe-6f0a-42ed-9a83-67a4315bd3ee,48b5f626-de23-437e-8585-6ae0a616087a,2,79,en,2026-01-06T04:30:45+00:00,2026-01-06T04:30:45+00:00,49
fe7d5dbe-6f0a-42ed-9a83-67a4315bd3ee,acdeb15c-72b5-4655-94c2-a2f0e9112c66,2,80,en,2026-01-06T04:31:12+00:00,2026-01-06T04:31:12+00:00,51
fe7d5dbe-6f0a-42ed-9a83-67a4315bd3ee,86fe4fa2-e43a-4138-884c-b19b25867a6f,2,81,en,2026-01-06T04:31:42+00:00,2026-01-06T04:31:42+00:00,51
fe7d5dbe-6f0a-42ed-9a83-67a4315bd3ee,3120aa89-9960-426f-8b2a-e905ec7968a7,2,74,en,2026-01-06T04:32:33+00:00,2026-01-06T04:32:33+00:00,50
