batch_id,chapter_id,chapter_number,clean_text,comment_text,event_id,event_time,ingested_at,manga_id,sentiment_label,source,synthetic,user_id
2026-09-15,demo-001-31,31,"Art dan pertarungannya keren, tidak sabar lanjut.","Art dan pertarungannya keren, tidak sabar lanjut.",20260915-0000,2026-09-15T08:07:36+00:00,2026-09-21T17:31:04.111274+00:00,demo-001,positive,synthetic_comment_simulation,True,user_036
2026-09-15,demo-002-18,18,Chapter berikutnya rilis kapan?,Chapter berikutnya rilis kapan?,20260915-0001,2026-09-15T21:29:57+00:00,2026-09-21T17:31:04.111274+00:00,demo-002,neutral,synthetic_comment_simulation,True,user_087
2026-09-15,demo-004-12,12,"Art dan pertarungannya keren, tidak sabar lanjut.","Art dan pertarungannya keren, tidak sabar lanjut.",20260915-0002,2026-09-15T08:28:15+00:00,2026-09-21T17:31:04.111274+00:00,demo-004,positive,synthetic_comment_simulation,True,user_012
2026-09-15,demo-005-27,27,"Art dan pertarungannya keren, tidak sabar lanjut.","Art dan pertarungannya keren, tidak sabar lanjut.",20260915-0003,2026-09-15T23:39:41+00:00,2026-09-21T17:31:04.111274+00:00,demo-005,positive,synthetic_comment_simulation,True,user_072
2026-09-15,demo-005-27,27,Perkembangan karakternya terasa memuaskan.,Perkembangan karakternya terasa memuaskan.,20260915-0004,2026-09-15T00:14:11+00:00,2026-09-21T17:31:04.111274+00:00,demo-005,positive,synthetic_comment_simulation,True,user_058
2026-09-15,demo-002-18,18,Saya baru selesai membaca chapter ini.,Saya baru selesai membaca chapter ini.,20260915-0005,2026-09-15T05:39:39+00:00,2026-09-21T17:31:04.111274+00:00,demo-002,neutral,synthetic_comment_simulation,True,user_044
2026-09-15,demo-002-18,18,Chapter ini terasa terlalu lambat dan bertele-tele.,Chapter ini terasa terlalu lambat dan bertele-tele.,20260915-0006,2026-09-15T03:22:36+00:00,2026-09-21T17:31:04.111274+00:00,demo-002,negative,synthetic_comment_simulation,True,user_044
2026-09-15,demo-004-12,12,Perkembangan karakternya terasa memuaskan.,Perkembangan karakternya terasa memuaskan.,20260915-0007,2026-09-15T21:58:51+00:00,2026-09-21T17:31:04.111274+00:00,demo-004,positive,synthetic_comment_simulation,True,user_109
2026-09-15,demo-003-44,44,Alurnya mulai masuk ke konflik baru.,Alurnya mulai masuk ke konflik baru.,20260915-0008,2026-09-15T19:31:24+00:00,2026-09-21T17:31:04.111274+00:00,demo-003,neutral,synthetic_comment_simulation,True,user_094
2026-09-15,demo-001-31,31,Chapter ini terasa terlalu lambat dan bertele-tele.,Chapter ini terasa terlalu lambat dan bertele-tele.,20260915-0009,2026-09-15T20:05:57+00:00,2026-09-21T17:31:04.111274+00:00,demo-001,negative,synthetic_comment_simulation,True,user_049
2026-09-15,demo-003-44,44,Saya baru selesai membaca chapter ini.,Saya baru selesai membaca chapter ini.,20260915-0010,2026-09-15T21:01:14+00:00,2026-09-21T17:31:04.111274+00:00,demo-003,neutral,synthetic_comment_simulation,True,user_080
2026-09-15,demo-002-18,18,Bagian ini menjelaskan latar belakang karakter utama.,Bagian ini menjelaskan latar belakang karakter utama.,20260915-0011,2026-09-15T10:32:10+00:00,2026-09-21T17:31:04.111274+00:00,demo-002,neutral,synthetic_comment_simulation,True,user_006
2026-09-15,demo-001-31,31,Chapter berikutnya rilis kapan?,Chapter berikutnya rilis kapan?,20260915-0012,2026-09-15T13:50:23+00:00,2026-09-21T17:31:04.111274+00:00,demo-001,neutral,synthetic_comment_simulation,True,user_111
2026-09-15,demo-003-44,44,Perkembangan karakternya terasa memuaskan.,Perkembangan karakternya terasa memuaskan.,20260915-0013,2026-09-15T05:55:19+00:00,2026-09-21T17:31:04.111274+00:00,demo-003,positive,synthetic_comment_simulation,True,user_107
2026-09-15,demo-003-44,44,Perkembangan karakternya terasa memuaskan.,Perkembangan karakternya terasa memuaskan.,20260915-0014,2026-09-15T23:35:39+00:00,2026-09-21T17:31:04.111274+00:00,demo-003,positive,synthetic_comment_simulation,True,user_086
2026-09-15,demo-001-31,31,"Art dan pertarungannya keren, tidak sabar lanjut.","Art dan pertarungannya keren, tidak sabar lanjut.",20260915-0015,2026-09-15T05:56:57+00:00,2026-09-21T17:31:04.111274+00:00,demo-001,positive,synthetic_comment_simulation,True,user_022
2026-09-15,demo-004-12,12,"Art dan pertarungannya keren, tidak sabar lanjut.","Art dan pertarungannya keren, tidak sabar lanjut.",20260915-0016,2026-09-15T11:48:24+00:00,2026-09-21T17:31:04.111274+00:00,demo-004,positive,synthetic_comment_simulation,True,user_119
2026-09-15,demo-001-31,31,Perkembangan karakternya terasa memuaskan.,Perkembangan karakternya terasa memuaskan.,20260915-0017,2026-09-15T14:36:21+00:00,2026-09-21T17:31:04.111274+00:00,demo-001,positive,synthetic_comment_simulation,True,user_005
2026-09-15,demo-003-44,44,Perkembangan karakternya terasa memuaskan.,Perkembangan karakternya terasa memuaskan.,20260915-0018,2026-09-15T07:44:29+00:00,2026-09-21T17:31:04.111274+00:00,demo-003,positive,synthetic_comment_simulation,True,user_117
2026-09-15,demo-004-12,12,Akhir chapter-nya bagus dan bikin penasaran.,Akhir chapter-nya bagus dan bikin penasaran.,20260915-0019,2026-09-15T05:12:06+00:00,2026-09-21T17:31:04.111274+00:00,demo-004,positive,synthetic_comment_simulation,True,user_118
2026-09-15,demo-003-44,44,Perkembangan karakternya terasa memuaskan.,Perkembangan karakternya terasa memuaskan.,20260915-0020,2026-09-15T21:17:02+00:00,2026-09-21T17:31:04.111274+00:00,demo-003,positive,synthetic_comment_simulation,True,user_096
2026-09-15,demo-004-12,12,Art-nya menurun dibandingkan chapter sebelumnya.,Art-nya menurun dibandingkan chapter sebelumnya.,20260915-0021,2026-09-15T07:59:06+00:00,2026-09-21T17:31:04.111274+00:00,demo-004,negative,synthetic_comment_simulation,True,user_052
2026-09-15,demo-002-18,18,"Chapter ini seru banget, alurnya makin bagus.","Chapter ini seru banget, alurnya makin bagus.",20260915-0022,2026-09-15T03:59:31+00:00,2026-09-21T17:31:04.111274+00:00,demo-002,positive,synthetic_comment_simulation,True,user_012
2026-09-15,demo-002-18,18,Alurnya mulai masuk ke konflik baru.,Alurnya mulai masuk ke konflik baru.,20260915-0023,2026-09-15T21:42:52+00:00,2026-09-21T17:31:04.111274+00:00,demo-002,neutral,synthetic_comment_simulation,True,user_102
2026-09-15,demo-001-31,31,Akhir chapter-nya bagus dan bikin penasaran.,Akhir chapter-nya bagus dan bikin penasaran.,20260915-0024,2026-09-15T19:15:52+00:00,2026-09-21T17:31:04.111274+00:00,demo-001,positive,synthetic_comment_simulation,True,user_077
2026-09-15,demo-003-44,44,Chapter ini terasa terlalu lambat dan bertele-tele.,Chapter ini terasa terlalu lambat dan bertele-tele.,20260915-0025,2026-09-15T04:10:14+00:00,2026-09-21T17:31:04.111274+00:00,demo-003,negative,synthetic_comment_simulation,True,user_111
2026-09-15,demo-005-27,27,Saya baru selesai membaca chapter ini.,Saya baru selesai membaca chapter ini.,20260915-0026,2026-09-15T04:03:41+00:00,2026-09-21T17:31:04.111274+00:00,demo-005,neutral,synthetic_comment_simulation,True,user_099
2026-09-15,demo-003-44,44,"Chapter ini seru banget, alurnya makin bagus.","Chapter ini seru banget, alurnya makin bagus.",20260915-0027,2026-09-15T09:35:22+00:00,2026-09-21T17:31:04.111274+00:00,demo-003,positive,synthetic_comment_simulation,True,user_059
2026-09-15,demo-005-27,27,Chapter berikutnya rilis kapan?,Chapter berikutnya rilis kapan?,20260915-0028,2026-09-15T22:45:59+00:00,2026-09-21T17:31:04.111274+00:00,demo-005,neutral,synthetic_comment_simulation,True,user_065
2026-09-15,demo-003-44,44,Bagian ini menjelaskan latar belakang karakter utama.,Bagian ini menjelaskan latar belakang karakter utama.,20260915-0029,2026-09-15T05:33:52+00:00,2026-09-21T17:31:04.111274+00:00,demo-003,neutral,synthetic_comment_simulation,True,user_065
2026-09-15,demo-003-44,44,Chapter berikutnya rilis kapan?,Chapter berikutnya rilis kapan?,20260915-0030,2026-09-15T21:48:24+00:00,2026-09-21T17:31:04.111274+00:00,demo-003,neutral,synthetic_comment_simulation,True,user_070
2026-09-15,demo-003-44,44,Perkembangan karakternya terasa memuaskan.,Perkembangan karakternya terasa memuaskan.,20260915-0031,2026-09-15T11:11:46+00:00,2026-09-21T17:31:04.111274+00:00,demo-003,positive,synthetic_comment_simulation,True,user_015
2026-09-15,demo-002-18,18,"Chapter ini seru banget, alurnya makin bagus.","Chapter ini seru banget, alurnya makin bagus.",20260915-0032,2026-09-15T03:07:06+00:00,2026-09-21T17:31:04.111274+00:00,demo-002,positive,synthetic_comment_simulation,True,user_113
2026-09-15,demo-004-12,12,Bagian ini menjelaskan latar belakang karakter utama.,Bagian ini menjelaskan latar belakang karakter utama.,20260915-0033,2026-09-15T04:40:28+00:00,2026-09-21T17:31:04.111274+00:00,demo-004,neutral,synthetic_comment_simulation,True,user_098
2026-09-15,demo-004-12,12,Art-nya menurun dibandingkan chapter sebelumnya.,Art-nya menurun dibandingkan chapter sebelumnya.,20260915-0034,2026-09-15T19:12:43+00:00,2026-09-21T17:31:04.111274+00:00,demo-004,negative,synthetic_comment_simulation,True,user_022
2026-09-15,demo-005-27,27,"Art dan pertarungannya keren, tidak sabar lanjut.","Art dan pertarungannya keren, tidak sabar lanjut.",20260915-0035,2026-09-15T11:20:57+00:00,2026-09-21T17:31:04.111274+00:00,demo-005,positive,synthetic_comment_simulation,True,user_028
2026-09-15,demo-004-12,12,Art-nya menurun dibandingkan chapter sebelumnya.,Art-nya menurun dibandingkan chapter sebelumnya.,20260915-0036,2026-09-15T15:57:02+00:00,2026-09-21T17:31:04.111274+00:00,demo-004,negative,synthetic_comment_simulation,True,user_084
2026-09-15,demo-005-27,27,"Art dan pertarungannya keren, tidak sabar lanjut.","Art dan pertarungannya keren, tidak sabar lanjut.",20260915-0037,2026-09-15T02:19:52+00:00,2026-09-21T17:31:04.111274+00:00,demo-005,positive,synthetic_comment_simulation,True,user_032
2026-09-15,demo-003-44,44,"Art dan pertarungannya keren, tidak sabar lanjut.","Art dan pertarungannya keren, tidak sabar lanjut.",20260915-0038,2026-09-15T21:25:28+00:00,2026-09-21T17:31:04.111274+00:00,demo-003,positive,synthetic_comment_simulation,True,user_071
2026-09-15,demo-002-18,18,"Chapter ini seru banget, alurnya makin bagus.","Chapter ini seru banget, alurnya makin bagus.",20260915-0039,2026-09-15T08:20:07+00:00,2026-09-21T17:31:04.111274+00:00,demo-002,positive,synthetic_comment_simulation,True,user_091
2026-09-16,demo-001-31,31,Art-nya menurun dibandingkan chapter sebelumnya.,Art-nya menurun dibandingkan chapter sebelumnya.,20260916-0000,2026-09-16T02:34:47+00:00,2026-09-21T17:31:04.111274+00:00,demo-001,negative,synthetic_comment_simulation,True,user_111
2026-09-16,demo-005-27,27,Akhir chapter-nya bagus dan bikin penasaran.,Akhir chapter-nya bagus dan bikin penasaran.,20260916-0001,2026-09-16T07:48:00+00:00,2026-09-21T17:31:04.111274+00:00,demo-005,positive,synthetic_comment_simulation,True,user_086
2026-09-16,demo-005-27,27,Akhir chapter-nya bagus dan bikin penasaran.,Akhir chapter-nya bagus dan bikin penasaran.,20260916-0002,2026-09-16T08:50:50+00:00,2026-09-21T17:31:04.111274+00:00,demo-005,positive,synthetic_comment_simulation,True,user_120
2026-09-16,demo-004-12,12,Chapter berikutnya rilis kapan?,Chapter berikutnya rilis kapan?,20260916-0003,2026-09-16T03:31:44+00:00,2026-09-21T17:31:04.111274+00:00,demo-004,neutral,synthetic_comment_simulation,True,user_025
2026-09-16,demo-004-12,12,Akhir chapter-nya bagus dan bikin penasaran.,Akhir chapter-nya bagus dan bikin penasaran.,20260916-0004,2026-09-16T01:58:20+00:00,2026-09-21T17:31:04.111274+00:00,demo-004,positive,synthetic_comment_simulation,True,user_053
2026-09-16,demo-001-31,31,Perkembangan karakternya terasa memuaskan.,Perkembangan karakternya terasa memuaskan.,20260916-0005,2026-09-16T03:58:42+00:00,2026-09-21T17:31:04.111274+00:00,demo-001,positive,synthetic_comment_simulation,True,user_094
2026-09-16,demo-002-18,18,Akhir chapter-nya bagus dan bikin penasaran.,Akhir chapter-nya bagus dan bikin penasaran.,20260916-0006,2026-09-16T05:06:13+00:00,2026-09-21T17:31:04.111274+00:00,demo-002,positive,synthetic_comment_simulation,True,user_069
2026-09-16,demo-004-12,12,"Art dan pertarungannya keren, tidak sabar lanjut.","Art dan pertarungannya keren, tidak sabar lanjut.",20260916-0007,2026-09-16T02:44:40+00:00,2026-09-21T17:31:04.111274+00:00,demo-004,positive,synthetic_comment_simulation,True,user_060
2026-09-16,demo-004-12,12,Chapter berikutnya rilis kapan?,Chapter berikutnya rilis kapan?,20260916-0008,2026-09-16T01:50:30+00:00,2026-09-21T17:31:04.111274+00:00,demo-004,neutral,synthetic_comment_simulation,True,user_110
2026-09-16,demo-005-27,27,Bagian ini menjelaskan latar belakang karakter utama.,Bagian ini menjelaskan latar belakang karakter utama.,20260916-0009,2026-09-16T06:03:18+00:00,2026-09-21T17:31:04.111274+00:00,demo-005,neutral,synthetic_comment_simulation,True,user_012
2026-09-16,demo-004-12,12,Akhir chapter-nya bagus dan bikin penasaran.,Akhir chapter-nya bagus dan bikin penasaran.,20260916-0010,2026-09-16T02:08:05+00:00,2026-09-21T17:31:04.111274+00:00,demo-004,positive,synthetic_comment_simulation,True,user_028
2026-09-16,demo-002-18,18,Perkembangan karakternya terasa memuaskan.,Perkembangan karakternya terasa memuaskan.,20260916-0011,2026-09-16T16:33:58+00:00,2026-09-21T17:31:04.111274+00:00,demo-002,positive,synthetic_comment_simulation,True,user_050
2026-09-16,demo-003-44,44,Akhir chapter-nya bagus dan bikin penasaran.,Akhir chapter-nya bagus dan bikin penasaran.,20260916-0012,2026-09-16T05:38:09+00:00,2026-09-21T17:31:04.111274+00:00,demo-003,positive,synthetic_comment_simulation,True,user_094
2026-09-16,demo-002-18,18,"Chapter ini seru banget, alurnya makin bagus.","Chapter ini seru banget, alurnya makin bagus.",20260916-0013,2026-09-16T11:25:04+00:00,2026-09-21T17:31:04.111274+00:00,demo-002,positive,synthetic_comment_simulation,True,user_008
2026-09-16,demo-001-31,31,"Art dan pertarungannya keren, tidak sabar lanjut.","Art dan pertarungannya keren, tidak sabar lanjut.",20260916-0014,2026-09-16T02:04:15+00:00,2026-09-21T17:31:04.111274+00:00,demo-001,positive,synthetic_comment_simulation,True,user_062
2026-09-16,demo-005-27,27,"Chapter ini seru banget, alurnya makin bagus.","Chapter ini seru banget, alurnya makin bagus.",20260916-0015,2026-09-16T21:39:52+00:00,2026-09-21T17:31:04.111274+00:00,demo-005,positive,synthetic_comment_simulation,True,user_024
2026-09-16,demo-001-31,31,Alurnya mulai masuk ke konflik baru.,Alurnya mulai masuk ke konflik baru.,20260916-0016,2026-09-16T04:21:53+00:00,2026-09-21T17:31:04.111274+00:00,demo-001,neutral,synthetic_comment_simulation,True,user_031
2026-09-16,demo-005-27,27,"Chapter ini seru banget, alurnya makin bagus.","Chapter ini seru banget, alurnya makin bagus.",20260916-0017,2026-09-16T22:33:03+00:00,2026-09-21T17:31:04.111274+00:00,demo-005,positive,synthetic_comment_simulation,True,user_077
2026-09-16,demo-001-31,31,Perkembangan karakternya terasa memuaskan.,Perkembangan karakternya terasa memuaskan.,20260916-0018,2026-09-16T09:29:39+00:00,2026-09-21T17:31:04.111274+00:00,demo-001,positive,synthetic_comment_simulation,True,user_075
2026-09-16,demo-002-18,18,Bagian ini menjelaskan latar belakang karakter utama.,Bagian ini menjelaskan latar belakang karakter utama.,20260916-0019,2026-09-16T09:40:14+00:00,2026-09-21T17:31:04.111274+00:00,demo-002,neutral,synthetic_comment_simulation,True,user_041
2026-09-16,demo-004-12,12,Perkembangan karakternya terasa memuaskan.,Perkembangan karakternya terasa memuaskan.,20260916-0020,2026-09-16T16:38:49+00:00,2026-09-21T17:31:04.111274+00:00,demo-004,positive,synthetic_comment_simulation,True,user_083
2026-09-16,demo-003-44,44,Chapter ini terasa terlalu lambat dan bertele-tele.,Chapter ini terasa terlalu lambat dan bertele-tele.,20260916-0021,2026-09-16T00:20:20+00:00,2026-09-21T17:31:04.111274+00:00,demo-003,negative,synthetic_comment_simulation,True,user_120
2026-09-16,demo-004-12,12,Chapter berikutnya rilis kapan?,Chapter berikutnya rilis kapan?,20260916-0022,2026-09-16T02:40:02+00:00,2026-09-21T17:31:04.111274+00:00,demo-004,neutral,synthetic_comment_simulation,True,user_073
2026-09-16,demo-005-27,27,"Art dan pertarungannya keren, tidak sabar lanjut.","Art dan pertarungannya keren, tidak sabar lanjut.",20260916-0023,2026-09-16T12:42:25+00:00,2026-09-21T17:31:04.111274+00:00,demo-005,positive,synthetic_comment_simulation,True,user_034
2026-09-16,demo-001-31,31,Art-nya menurun dibandingkan chapter sebelumnya.,Art-nya menurun dibandingkan chapter sebelumnya.,20260916-0024,2026-09-16T05:44:36+00:00,2026-09-21T17:31:04.111274+00:00,demo-001,negative,synthetic_comment_simulation,True,user_048
2026-09-16,demo-004-12,12,Saya baru selesai membaca chapter ini.,Saya baru selesai membaca chapter ini.,20260916-0025,2026-09-16T22:16:13+00:00,2026-09-21T17:31:04.111274+00:00,demo-004,neutral,synthetic_comment_simulation,True,user_091
2026-09-16,demo-005-27,27,Perkembangan karakternya terasa memuaskan.,Perkembangan karakternya terasa memuaskan.,20260916-0026,2026-09-16T03:46:17+00:00,2026-09-21T17:31:04.111274+00:00,demo-005,positive,synthetic_comment_simulation,True,user_105
2026-09-16,demo-002-18,18,"Chapter ini seru banget, alurnya makin bagus.","Chapter ini seru banget, alurnya makin bagus.",20260916-0027,2026-09-16T20:08:32+00:00,2026-09-21T17:31:04.111274+00:00,demo-002,positive,synthetic_comment_simulation,True,user_114
2026-09-16,demo-002-18,18,"Art dan pertarungannya keren, tidak sabar lanjut.","Art dan pertarungannya keren, tidak sabar lanjut.",20260916-0028,2026-09-16T12:29:02+00:00,2026-09-21T17:31:04.111274+00:00,demo-002,positive,synthetic_comment_simulation,True,user_078
2026-09-16,demo-002-18,18,Saya baru selesai membaca chapter ini.,Saya baru selesai membaca chapter ini.,20260916-0029,2026-09-16T18:24:04+00:00,2026-09-21T17:31:04.111274+00:00,demo-002,neutral,synthetic_comment_simulation,True,user_110
2026-09-16,demo-004-12,12,"Chapter ini seru banget, alurnya makin bagus.","Chapter ini seru banget, alurnya makin bagus.",20260916-0030,2026-09-16T03:21:37+00:00,2026-09-21T17:31:04.111274+00:00,demo-004,positive,synthetic_comment_simulation,True,user_117
2026-09-16,demo-004-12,12,Chapter berikutnya rilis kapan?,Chapter berikutnya rilis kapan?,20260916-0031,2026-09-16T12:08:39+00:00,2026-09-21T17:31:04.111274+00:00,demo-004,neutral,synthetic_comment_simulation,True,user_006
2026-09-16,demo-002-18,18,Bagian ini menjelaskan latar belakang karakter utama.,Bagian ini menjelaskan latar belakang karakter utama.,20260916-0032,2026-09-16T16:05:12+00:00,2026-09-21T17:31:04.111274+00:00,demo-002,neutral,synthetic_comment_simulation,True,user_034
2026-09-16,demo-005-27,27,Chapter berikutnya rilis kapan?,Chapter berikutnya rilis kapan?,20260916-0033,2026-09-16T04:04:23+00:00,2026-09-21T17:31:04.111274+00:00,demo-005,neutral,synthetic_comment_simulation,True,user_072
2026-09-16,demo-001-31,31,Keputusan karakter utamanya tidak masuk akal.,Keputusan karakter utamanya tidak masuk akal.,20260916-0034,2026-09-16T19:51:51+00:00,2026-09-21T17:31:04.111274+00:00,demo-001,negative,synthetic_comment_simulation,True,user_089
2026-09-16,demo-001-31,31,Bagian ini menjelaskan latar belakang karakter utama.,Bagian ini menjelaskan latar belakang karakter utama.,20260916-0035,2026-09-16T15:38:53+00:00,2026-09-21T17:31:04.111274+00:00,demo-001,neutral,synthetic_comment_simulation,True,user_075
2026-09-16,demo-002-18,18,"Chapter ini seru banget, alurnya makin bagus.","Chapter ini seru banget, alurnya makin bagus.",20260916-0036,2026-09-16T13:01:38+00:00,2026-09-21T17:31:04.111274+00:00,demo-002,positive,synthetic_comment_simulation,True,user_047
2026-09-16,demo-002-18,18,Chapter berikutnya rilis kapan?,Chapter berikutnya rilis kapan?,20260916-0037,2026-09-16T12:52:37+00:00,2026-09-21T17:31:04.111274+00:00,demo-002,neutral,synthetic_comment_simulation,True,user_086
2026-09-16,demo-005-27,27,Keputusan karakter utamanya tidak masuk akal.,Keputusan karakter utamanya tidak masuk akal.,20260916-0038,2026-09-16T08:37:09+00:00,2026-09-21T17:31:04.111274+00:00,demo-005,negative,synthetic_comment_simulation,True,user_053
2026-09-16,demo-002-18,18,Keputusan karakter utamanya tidak masuk akal.,Keputusan karakter utamanya tidak masuk akal.,20260916-0039,2026-09-16T15:00:40+00:00,2026-09-21T17:31:04.111274+00:00,demo-002,negative,synthetic_comment_simulation,True,user_104
2026-09-17,demo-001-31,31,Perkembangan karakternya terasa memuaskan.,Perkembangan karakternya terasa memuaskan.,20260917-0000,2026-09-17T14:59:24+00:00,2026-09-21T17:31:04.111274+00:00,demo-001,positive,synthetic_comment_simulation,True,user_119
2026-09-17,demo-002-18,18,"Chapter ini seru banget, alurnya makin bagus.","Chapter ini seru banget, alurnya makin bagus.",20260917-0001,2026-09-17T13:55:40+00:00,2026-09-21T17:31:04.111274+00:00,demo-002,positive,synthetic_comment_simulation,True,user_101
2026-09-17,demo-001-31,31,Bagian ini menjelaskan latar belakang karakter utama.,Bagian ini menjelaskan latar belakang karakter utama.,20260917-0002,2026-09-17T16:45:32+00:00,2026-09-21T17:31:04.111274+00:00,demo-001,neutral,synthetic_comment_simulation,True,user_029
2026-09-17,demo-003-44,44,"Art dan pertarungannya keren, tidak sabar lanjut.","Art dan pertarungannya keren, tidak sabar lanjut.",20260917-0003,2026-09-17T08:06:59+00:00,2026-09-21T17:31:04.111274+00:00,demo-003,positive,synthetic_comment_simulation,True,user_102
2026-09-17,demo-001-31,31,Saya baru selesai membaca chapter ini.,Saya baru selesai membaca chapter ini.,20260917-0004,2026-09-17T10:08:37+00:00,2026-09-21T17:31:04.111274+00:00,demo-001,neutral,synthetic_comment_simulation,True,user_052
2026-09-17,demo-001-31,31,Art-nya menurun dibandingkan chapter sebelumnya.,Art-nya menurun dibandingkan chapter sebelumnya.,20260917-0005,2026-09-17T23:21:20+00:00,2026-09-21T17:31:04.111274+00:00,demo-001,negative,synthetic_comment_simulation,True,user_036
2026-09-17,demo-005-27,27,Perkembangan karakternya terasa memuaskan.,Perkembangan karakternya terasa memuaskan.,20260917-0006,2026-09-17T01:00:17+00:00,2026-09-21T17:31:04.111274+00:00,demo-005,positive,synthetic_comment_simulation,True,user_108
2026-09-17,demo-001-31,31,Keputusan karakter utamanya tidak masuk akal.,Keputusan karakter utamanya tidak masuk akal.,20260917-0007,2026-09-17T21:08:19+00:00,2026-09-21T17:31:04.111274+00:00,demo-001,negative,synthetic_comment_simulation,True,user_034
2026-09-17,demo-003-44,44,Akhir chapter-nya bagus dan bikin penasaran.,Akhir chapter-nya bagus dan bikin penasaran.,20260917-0008,2026-09-17T12:35:09+00:00,2026-09-21T17:31:04.111274+00:00,demo-003,positive,synthetic_comment_simulation,True,user_077
2026-09-17,demo-003-44,44,"Chapter ini seru banget, alurnya makin bagus.","Chapter ini seru banget, alurnya makin bagus.",20260917-0009,2026-09-17T14:01:28+00:00,2026-09-21T17:31:04.111274+00:00,demo-003,positive,synthetic_comment_simulation,True,user_066
2026-09-17,demo-005-27,27,Akhir chapter-nya bagus dan bikin penasaran.,Akhir chapter-nya bagus dan bikin penasaran.,20260917-0010,2026-09-17T00:03:41+00:00,2026-09-21T17:31:04.111274+00:00,demo-005,positive,synthetic_comment_simulation,True,user_006
2026-09-17,demo-005-27,27,Keputusan karakter utamanya tidak masuk akal.,Keputusan karakter utamanya tidak masuk akal.,20260917-0011,2026-09-17T13:15:39+00:00,2026-09-21T17:31:04.111274+00:00,demo-005,negative,synthetic_comment_simulation,True,user_069
2026-09-17,demo-004-12,12,Perkembangan karakternya terasa memuaskan.,Perkembangan karakternya terasa memuaskan.,20260917-0012,2026-09-17T22:41:18+00:00,2026-09-21T17:31:04.111274+00:00,demo-004,positive,synthetic_comment_simulation,True,user_086
2026-09-17,demo-003-44,44,Saya baru selesai membaca chapter ini.,Saya baru selesai membaca chapter ini.,20260917-0013,2026-09-17T18:27:49+00:00,2026-09-21T17:31:04.111274+00:00,demo-003,neutral,synthetic_comment_simulation,True,user_016
2026-09-17,demo-003-44,44,Alurnya mulai masuk ke konflik baru.,Alurnya mulai masuk ke konflik baru.,20260917-0014,2026-09-17T10:45:52+00:00,2026-09-21T17:31:04.111274+00:00,demo-003,neutral,synthetic_comment_simulation,True,user_042
2026-09-17,demo-005-27,27,Akhir chapter-nya bagus dan bikin penasaran.,Akhir chapter-nya bagus dan bikin penasaran.,20260917-0015,2026-09-17T06:20:10+00:00,2026-09-21T17:31:04.111274+00:00,demo-005,positive,synthetic_comment_simulation,True,user_054
2026-09-17,demo-005-27,27,"Chapter ini seru banget, alurnya makin bagus.","Chapter ini seru banget, alurnya makin bagus.",20260917-0016,2026-09-17T11:03:49+00:00,2026-09-21T17:31:04.111274+00:00,demo-005,positive,synthetic_comment_simulation,True,user_052
2026-09-17,demo-003-44,44,Perkembangan karakternya terasa memuaskan.,Perkembangan karakternya terasa memuaskan.,20260917-0017,2026-09-17T16:55:46+00:00,2026-09-21T17:31:04.111274+00:00,demo-003,positive,synthetic_comment_simulation,True,user_101
2026-09-17,demo-004-12,12,Akhir chapter-nya bagus dan bikin penasaran.,Akhir chapter-nya bagus dan bikin penasaran.,20260917-0018,2026-09-17T06:10:41+00:00,2026-09-21T17:31:04.111274+00:00,demo-004,positive,synthetic_comment_simulation,True,user_028
2026-09-17,demo-001-31,31,Perkembangan karakternya terasa memuaskan.,Perkembangan karakternya terasa memuaskan.,20260917-0019,2026-09-17T03:24:00+00:00,2026-09-21T17:31:04.111274+00:00,demo-001,positive,synthetic_comment_simulation,True,user_085
2026-09-17,demo-002-18,18,Bagian ini menjelaskan latar belakang karakter utama.,Bagian ini menjelaskan latar belakang karakter utama.,20260917-0020,2026-09-17T05:21:53+00:00,2026-09-21T17:31:04.111274+00:00,demo-002,neutral,synthetic_comment_simulation,True,user_029
2026-09-17,demo-001-31,31,"Chapter ini seru banget, alurnya makin bagus.","Chapter ini seru banget, alurnya makin bagus.",20260917-0021,2026-09-17T16:34:52+00:00,2026-09-21T17:31:04.111274+00:00,demo-001,positive,synthetic_comment_simulation,True,user_061
2026-09-17,demo-004-12,12,Keputusan karakter utamanya tidak masuk akal.,Keputusan karakter utamanya tidak masuk akal.,20260917-0022,2026-09-17T13:58:48+00:00,2026-09-21T17:31:04.111274+00:00,demo-004,negative,synthetic_comment_simulation,True,user_074
2026-09-17,demo-004-12,12,"Chapter ini seru banget, alurnya makin bagus.","Chapter ini seru banget, alurnya makin bagus.",20260917-0023,2026-09-17T03:52:50+00:00,2026-09-21T17:31:04.111274+00:00,demo-004,positive,synthetic_comment_simulation,True,user_019
2026-09-17,demo-004-12,12,Akhir chapter-nya bagus dan bikin penasaran.,Akhir chapter-nya bagus dan bikin penasaran.,20260917-0024,2026-09-17T01:49:42+00:00,2026-09-21T17:31:04.111274+00:00,demo-004,positive,synthetic_comment_simulation,True,user_103
2026-09-17,demo-005-27,27,"Chapter ini seru banget, alurnya makin bagus.","Chapter ini seru banget, alurnya makin bagus.",20260917-0025,2026-09-17T16:37:09+00:00,2026-09-21T17:31:04.111274+00:00,demo-005,positive,synthetic_comment_simulation,True,user_109
2026-09-17,demo-002-18,18,Saya baru selesai membaca chapter ini.,Saya baru selesai membaca chapter ini.,20260917-0026,2026-09-17T16:06:48+00:00,2026-09-21T17:31:04.111274+00:00,demo-002,neutral,synthetic_comment_simulation,True,user_086
2026-09-17,demo-005-27,27,Alurnya mulai masuk ke konflik baru.,Alurnya mulai masuk ke konflik baru.,20260917-0027,2026-09-17T19:56:50+00:00,2026-09-21T17:31:04.111274+00:00,demo-005,neutral,synthetic_comment_simulation,True,user_115
2026-09-17,demo-004-12,12,Akhir chapter ini mengecewakan.,Akhir chapter ini mengecewakan.,20260917-0028,2026-09-17T16:23:11+00:00,2026-09-21T17:31:04.111274+00:00,demo-004,negative,synthetic_comment_simulation,True,user_096
2026-09-17,demo-003-44,44,Saya baru selesai membaca chapter ini.,Saya baru selesai membaca chapter ini.,20260917-0029,2026-09-17T18:58:47+00:00,2026-09-21T17:31:04.111274+00:00,demo-003,neutral,synthetic_comment_simulation,True,user_108
2026-09-17,demo-004-12,12,Alurnya mulai masuk ke konflik baru.,Alurnya mulai masuk ke konflik baru.,20260917-0030,2026-09-17T02:49:15+00:00,2026-09-21T17:31:04.111274+00:00,demo-004,neutral,synthetic_comment_simulation,True,user_036
2026-09-17,demo-003-44,44,Perkembangan karakternya terasa memuaskan.,Perkembangan karakternya terasa memuaskan.,20260917-0031,2026-09-17T19:39:58+00:00,2026-09-21T17:31:04.111274+00:00,demo-003,positive,synthetic_comment_simulation,True,user_043
2026-09-17,demo-001-31,31,Akhir chapter-nya bagus dan bikin penasaran.,Akhir chapter-nya bagus dan bikin penasaran.,20260917-0032,2026-09-17T05:33:48+00:00,2026-09-21T17:31:04.111274+00:00,demo-001,positive,synthetic_comment_simulation,True,user_030
2026-09-17,demo-002-18,18,Perkembangan karakternya terasa memuaskan.,Perkembangan karakternya terasa memuaskan.,20260917-0033,2026-09-17T19:45:21+00:00,2026-09-21T17:31:04.111274+00:00,demo-002,positive,synthetic_comment_simulation,True,user_053
2026-09-17,demo-004-12,12,Akhir chapter-nya bagus dan bikin penasaran.,Akhir chapter-nya bagus dan bikin penasaran.,20260917-0034,2026-09-17T14:10:49+00:00,2026-09-21T17:31:04.111274+00:00,demo-004,positive,synthetic_comment_simulation,True,user_027
2026-09-17,demo-005-27,27,Akhir chapter ini mengecewakan.,Akhir chapter ini mengecewakan.,20260917-0035,2026-09-17T17:21:58+00:00,2026-09-21T17:31:04.111274+00:00,demo-005,negative,synthetic_comment_simulation,True,user_003
2026-09-17,demo-001-31,31,Akhir chapter ini mengecewakan.,Akhir chapter ini mengecewakan.,20260917-0036,2026-09-17T15:15:21+00:00,2026-09-21T17:31:04.111274+00:00,demo-001,negative,synthetic_comment_simulation,True,user_039
2026-09-17,demo-005-27,27,Bagian ini menjelaskan latar belakang karakter utama.,Bagian ini menjelaskan latar belakang karakter utama.,20260917-0037,2026-09-17T17:46:33+00:00,2026-09-21T17:31:04.111274+00:00,demo-005,neutral,synthetic_comment_simulation,True,user_070
2026-09-17,demo-002-18,18,"Chapter ini seru banget, alurnya makin bagus.","Chapter ini seru banget, alurnya makin bagus.",20260917-0038,2026-09-17T14:09:28+00:00,2026-09-21T17:31:04.111274+00:00,demo-002,positive,synthetic_comment_simulation,True,user_063
2026-09-17,demo-003-44,44,Alurnya mulai masuk ke konflik baru.,Alurnya mulai masuk ke konflik baru.,20260917-0039,2026-09-17T06:00:32+00:00,2026-09-21T17:31:04.111274+00:00,demo-003,neutral,synthetic_comment_simulation,True,user_103
2026-09-18,demo-004-12,12,Chapter ini terasa terlalu lambat dan bertele-tele.,Chapter ini terasa terlalu lambat dan bertele-tele.,20260918-0000,2026-09-18T14:20:45+00:00,2026-09-21T17:31:04.111274+00:00,demo-004,negative,synthetic_comment_simulation,True,user_080
2026-09-18,demo-005-27,27,"Chapter ini seru banget, alurnya makin bagus.","Chapter ini seru banget, alurnya makin bagus.",20260918-0001,2026-09-18T23:24:06+00:00,2026-09-21T17:31:04.111274+00:00,demo-005,positive,synthetic_comment_simulation,True,user_004
2026-09-18,demo-004-12,12,"Art dan pertarungannya keren, tidak sabar lanjut.","Art dan pertarungannya keren, tidak sabar lanjut.",20260918-0002,2026-09-18T01:49:50+00:00,2026-09-21T17:31:04.111274+00:00,demo-004,positive,synthetic_comment_simulation,True,user_060
2026-09-18,demo-003-44,44,Akhir chapter-nya bagus dan bikin penasaran.,Akhir chapter-nya bagus dan bikin penasaran.,20260918-0003,2026-09-18T11:54:00+00:00,2026-09-21T17:31:04.111274+00:00,demo-003,positive,synthetic_comment_simulation,True,user_028
2026-09-18,demo-003-44,44,Saya baru selesai membaca chapter ini.,Saya baru selesai membaca chapter ini.,20260918-0004,2026-09-18T15:20:55+00:00,2026-09-21T17:31:04.111274+00:00,demo-003,neutral,synthetic_comment_simulation,True,user_049
2026-09-18,demo-003-44,44,Chapter berikutnya rilis kapan?,Chapter berikutnya rilis kapan?,20260918-0005,2026-09-18T19:38:22+00:00,2026-09-21T17:31:04.111274+00:00,demo-003,neutral,synthetic_comment_simulation,True,user_061
2026-09-18,demo-001-31,31,Keputusan karakter utamanya tidak masuk akal.,Keputusan karakter utamanya tidak masuk akal.,20260918-0006,2026-09-18T23:40:15+00:00,2026-09-21T17:31:04.111274+00:00,demo-001,negative,synthetic_comment_simulation,True,user_045
2026-09-18,demo-001-31,31,Chapter berikutnya rilis kapan?,Chapter berikutnya rilis kapan?,20260918-0007,2026-09-18T01:07:47+00:00,2026-09-21T17:31:04.111274+00:00,demo-001,neutral,synthetic_comment_simulation,True,user_084
2026-09-18,demo-002-18,18,"Art dan pertarungannya keren, tidak sabar lanjut.","Art dan pertarungannya keren, tidak sabar lanjut.",20260918-0008,2026-09-18T08:41:06+00:00,2026-09-21T17:31:04.111274+00:00,demo-002,positive,synthetic_comment_simulation,True,user_003
2026-09-18,demo-002-18,18,"Art dan pertarungannya keren, tidak sabar lanjut.","Art dan pertarungannya keren, tidak sabar lanjut.",20260918-0009,2026-09-18T16:55:52+00:00,2026-09-21T17:31:04.111274+00:00,demo-002,positive,synthetic_comment_simulation,True,user_015
2026-09-18,demo-003-44,44,Chapter berikutnya rilis kapan?,Chapter berikutnya rilis kapan?,20260918-0010,2026-09-18T05:57:45+00:00,2026-09-21T17:31:04.111274+00:00,demo-003,neutral,synthetic_comment_simulation,True,user_022
2026-09-18,demo-003-44,44,Perkembangan karakternya terasa memuaskan.,Perkembangan karakternya terasa memuaskan.,20260918-0011,2026-09-18T20:57:50+00:00,2026-09-21T17:31:04.111274+00:00,demo-003,positive,synthetic_comment_simulation,True,user_004
2026-09-18,demo-004-12,12,"Art dan pertarungannya keren, tidak sabar lanjut.","Art dan pertarungannya keren, tidak sabar lanjut.",20260918-0012,2026-09-18T02:46:01+00:00,2026-09-21T17:31:04.111274+00:00,demo-004,positive,synthetic_comment_simulation,True,user_092
2026-09-18,demo-005-27,27,Bagian ini menjelaskan latar belakang karakter utama.,Bagian ini menjelaskan latar belakang karakter utama.,20260918-0013,2026-09-18T03:42:36+00:00,2026-09-21T17:31:04.111274+00:00,demo-005,neutral,synthetic_comment_simulation,True,user_081
2026-09-18,demo-003-44,44,Chapter berikutnya rilis kapan?,Chapter berikutnya rilis kapan?,20260918-0014,2026-09-18T20:36:17+00:00,2026-09-21T17:31:04.111274+00:00,demo-003,neutral,synthetic_comment_simulation,True,user_077
2026-09-18,demo-001-31,31,Perkembangan karakternya terasa memuaskan.,Perkembangan karakternya terasa memuaskan.,20260918-0015,2026-09-18T02:30:38+00:00,2026-09-21T17:31:04.111274+00:00,demo-001,positive,synthetic_comment_simulation,True,user_055
2026-09-18,demo-005-27,27,Alurnya mulai masuk ke konflik baru.,Alurnya mulai masuk ke konflik baru.,20260918-0016,2026-09-18T17:50:51+00:00,2026-09-21T17:31:04.111274+00:00,demo-005,neutral,synthetic_comment_simulation,True,user_002
2026-09-18,demo-001-31,31,Akhir chapter-nya bagus dan bikin penasaran.,Akhir chapter-nya bagus dan bikin penasaran.,20260918-0017,2026-09-18T05:34:12+00:00,2026-09-21T17:31:04.111274+00:00,demo-001,positive,synthetic_comment_simulation,True,user_047
2026-09-18,demo-004-12,12,Perkembangan karakternya terasa memuaskan.,Perkembangan karakternya terasa memuaskan.,20260918-0018,2026-09-18T22:25:28+00:00,2026-09-21T17:31:04.111274+00:00,demo-004,positive,synthetic_comment_simulation,True,user_067
2026-09-18,demo-005-27,27,Alurnya mulai masuk ke konflik baru.,Alurnya mulai masuk ke konflik baru.,20260918-0019,2026-09-18T21:34:16+00:00,2026-09-21T17:31:04.111274+00:00,demo-005,neutral,synthetic_comment_simulation,True,user_060
2026-09-18,demo-003-44,44,"Chapter ini seru banget, alurnya makin bagus.","Chapter ini seru banget, alurnya makin bagus.",20260918-0020,2026-09-18T10:09:19+00:00,2026-09-21T17:31:04.111274+00:00,demo-003,positive,synthetic_comment_simulation,True,user_032
2026-09-18,demo-004-12,12,Akhir chapter-nya bagus dan bikin penasaran.,Akhir chapter-nya bagus dan bikin penasaran.,20260918-0021,2026-09-18T12:14:52+00:00,2026-09-21T17:31:04.111274+00:00,demo-004,positive,synthetic_comment_simulation,True,user_060
2026-09-18,demo-001-31,31,"Art dan pertarungannya keren, tidak sabar lanjut.","Art dan pertarungannya keren, tidak sabar lanjut.",20260918-0022,2026-09-18T17:45:04+00:00,2026-09-21T17:31:04.111274+00:00,demo-001,positive,synthetic_comment_simulation,True,user_042
2026-09-18,demo-002-18,18,Perkembangan karakternya terasa memuaskan.,Perkembangan karakternya terasa memuaskan.,20260918-0023,2026-09-18T10:10:55+00:00,2026-09-21T17:31:04.111274+00:00,demo-002,positive,synthetic_comment_simulation,True,user_034
2026-09-18,demo-005-27,27,Chapter berikutnya rilis kapan?,Chapter berikutnya rilis kapan?,20260918-0024,2026-09-18T18:48:35+00:00,2026-09-21T17:31:04.111274+00:00,demo-005,neutral,synthetic_comment_simulation,True,user_036
2026-09-18,demo-002-18,18,Akhir chapter-nya bagus dan bikin penasaran.,Akhir chapter-nya bagus dan bikin penasaran.,20260918-0025,2026-09-18T17:47:18+00:00,2026-09-21T17:31:04.111274+00:00,demo-002,positive,synthetic_comment_simulation,True,user_093
2026-09-18,demo-005-27,27,Alurnya mulai masuk ke konflik baru.,Alurnya mulai masuk ke konflik baru.,20260918-0026,2026-09-18T23:30:59+00:00,2026-09-21T17:31:04.111274+00:00,demo-005,neutral,synthetic_comment_simulation,True,user_089
2026-09-18,demo-004-12,12,"Chapter ini seru banget, alurnya makin bagus.","Chapter ini seru banget, alurnya makin bagus.",20260918-0027,2026-09-18T10:42:46+00:00,2026-09-21T17:31:04.111274+00:00,demo-004,positive,synthetic_comment_simulation,True,user_003
2026-09-18,demo-002-18,18,Perkembangan karakternya terasa memuaskan.,Perkembangan karakternya terasa memuaskan.,20260918-0028,2026-09-18T21:10:25+00:00,2026-09-21T17:31:04.111274+00:00,demo-002,positive,synthetic_comment_simulation,True,user_032
2026-09-18,demo-003-44,44,Perkembangan karakternya terasa memuaskan.,Perkembangan karakternya terasa memuaskan.,20260918-0029,2026-09-18T15:29:31+00:00,2026-09-21T17:31:04.111274+00:00,demo-003,positive,synthetic_comment_simulation,True,user_068
2026-09-18,demo-005-27,27,Akhir chapter-nya bagus dan bikin penasaran.,Akhir chapter-nya bagus dan bikin penasaran.,20260918-0030,2026-09-18T09:51:49+00:00,2026-09-21T17:31:04.111274+00:00,demo-005,positive,synthetic_comment_simulation,True,user_090
2026-09-18,demo-003-44,44,"Art dan pertarungannya keren, tidak sabar lanjut.","Art dan pertarungannya keren, tidak sabar lanjut.",20260918-0031,2026-09-18T11:29:19+00:00,2026-09-21T17:31:04.111274+00:00,demo-003,positive,synthetic_comment_simulation,True,user_016
2026-09-18,demo-001-31,31,Bagian ini menjelaskan latar belakang karakter utama.,Bagian ini menjelaskan latar belakang karakter utama.,20260918-0032,2026-09-18T06:58:25+00:00,2026-09-21T17:31:04.111274+00:00,demo-001,neutral,synthetic_comment_simulation,True,user_098
2026-09-18,demo-002-18,18,Saya baru selesai membaca chapter ini.,Saya baru selesai membaca chapter ini.,20260918-0033,2026-09-18T03:39:36+00:00,2026-09-21T17:31:04.111274+00:00,demo-002,neutral,synthetic_comment_simulation,True,user_036
2026-09-18,demo-002-18,18,"Art dan pertarungannya keren, tidak sabar lanjut.","Art dan pertarungannya keren, tidak sabar lanjut.",20260918-0034,2026-09-18T11:00:18+00:00,2026-09-21T17:31:04.111274+00:00,demo-002,positive,synthetic_comment_simulation,True,user_047
2026-09-18,demo-001-31,31,Saya baru selesai membaca chapter ini.,Saya baru selesai membaca chapter ini.,20260918-0035,2026-09-18T01:39:25+00:00,2026-09-21T17:31:04.111274+00:00,demo-001,neutral,synthetic_comment_simulation,True,user_017
2026-09-18,demo-001-31,31,"Art dan pertarungannya keren, tidak sabar lanjut.","Art dan pertarungannya keren, tidak sabar lanjut.",20260918-0036,2026-09-18T23:13:26+00:00,2026-09-21T17:31:04.111274+00:00,demo-001,positive,synthetic_comment_simulation,True,user_090
2026-09-18,demo-004-12,12,Perkembangan karakternya terasa memuaskan.,Perkembangan karakternya terasa memuaskan.,20260918-0037,2026-09-18T17:05:24+00:00,2026-09-21T17:31:04.111274+00:00,demo-004,positive,synthetic_comment_simulation,True,user_002
2026-09-18,demo-004-12,12,"Chapter ini seru banget, alurnya makin bagus.","Chapter ini seru banget, alurnya makin bagus.",20260918-0038,2026-09-18T09:11:32+00:00,2026-09-21T17:31:04.111274+00:00,demo-004,positive,synthetic_comment_simulation,True,user_024
2026-09-18,demo-004-12,12,Akhir chapter-nya bagus dan bikin penasaran.,Akhir chapter-nya bagus dan bikin penasaran.,20260918-0039,2026-09-18T17:54:14+00:00,2026-09-21T17:31:04.111274+00:00,demo-004,positive,synthetic_comment_simulation,True,user_009
2026-09-19,demo-001-31,31,Chapter berikutnya rilis kapan?,Chapter berikutnya rilis kapan?,20260919-0000,2026-09-19T05:31:27+00:00,2026-09-21T17:31:04.111274+00:00,demo-001,neutral,synthetic_comment_simulation,True,user_088
2026-09-19,demo-002-18,18,Chapter ini terasa terlalu lambat dan bertele-tele.,Chapter ini terasa terlalu lambat dan bertele-tele.,20260919-0001,2026-09-19T09:02:10+00:00,2026-09-21T17:31:04.111274+00:00,demo-002,negative,synthetic_comment_simulation,True,user_039
2026-09-19,demo-001-31,31,Bagian ini menjelaskan latar belakang karakter utama.,Bagian ini menjelaskan latar belakang karakter utama.,20260919-0002,2026-09-19T19:01:34+00:00,2026-09-21T17:31:04.111274+00:00,demo-001,neutral,synthetic_comment_simulation,True,user_054
2026-09-19,demo-004-12,12,Saya baru selesai membaca chapter ini.,Saya baru selesai membaca chapter ini.,20260919-0003,2026-09-19T21:25:39+00:00,2026-09-21T17:31:04.111274+00:00,demo-004,neutral,synthetic_comment_simulation,True,user_057
2026-09-19,demo-004-12,12,"Chapter ini seru banget, alurnya makin bagus.","Chapter ini seru banget, alurnya makin bagus.",20260919-0004,2026-09-19T22:11:45+00:00,2026-09-21T17:31:04.111274+00:00,demo-004,positive,synthetic_comment_simulation,True,user_080
2026-09-19,demo-001-31,31,Keputusan karakter utamanya tidak masuk akal.,Keputusan karakter utamanya tidak masuk akal.,20260919-0005,2026-09-19T09:38:07+00:00,2026-09-21T17:31:04.111274+00:00,demo-001,negative,synthetic_comment_simulation,True,user_027
2026-09-19,demo-001-31,31,"Chapter ini seru banget, alurnya makin bagus.","Chapter ini seru banget, alurnya makin bagus.",20260919-0006,2026-09-19T05:41:57+00:00,2026-09-21T17:31:04.111274+00:00,demo-001,positive,synthetic_comment_simulation,True,user_023
2026-09-19,demo-001-31,31,Alurnya mulai masuk ke konflik baru.,Alurnya mulai masuk ke konflik baru.,20260919-0007,2026-09-19T10:36:15+00:00,2026-09-21T17:31:04.111274+00:00,demo-001,neutral,synthetic_comment_simulation,True,user_089
2026-09-19,demo-001-31,31,Perkembangan karakternya terasa memuaskan.,Perkembangan karakternya terasa memuaskan.,20260919-0008,2026-09-19T16:31:50+00:00,2026-09-21T17:31:04.111274+00:00,demo-001,positive,synthetic_comment_simulation,True,user_091
2026-09-19,demo-001-31,31,Art-nya menurun dibandingkan chapter sebelumnya.,Art-nya menurun dibandingkan chapter sebelumnya.,20260919-0009,2026-09-19T22:45:27+00:00,2026-09-21T17:31:04.111274+00:00,demo-001,negative,synthetic_comment_simulation,True,user_119
2026-09-19,demo-005-27,27,Keputusan karakter utamanya tidak masuk akal.,Keputusan karakter utamanya tidak masuk akal.,20260919-0010,2026-09-19T15:28:43+00:00,2026-09-21T17:31:04.111274+00:00,demo-005,negative,synthetic_comment_simulation,True,user_120
2026-09-19,demo-001-31,31,Bagian ini menjelaskan latar belakang karakter utama.,Bagian ini menjelaskan latar belakang karakter utama.,20260919-0011,2026-09-19T09:40:16+00:00,2026-09-21T17:31:04.111274+00:00,demo-001,neutral,synthetic_comment_simulation,True,user_083
2026-09-19,demo-002-18,18,Perkembangan karakternya terasa memuaskan.,Perkembangan karakternya terasa memuaskan.,20260919-0012,2026-09-19T21:39:53+00:00,2026-09-21T17:31:04.111274+00:00,demo-002,positive,synthetic_comment_simulation,True,user_022
2026-09-19,demo-005-27,27,Chapter ini terasa terlalu lambat dan bertele-tele.,Chapter ini terasa terlalu lambat dan bertele-tele.,20260919-0013,2026-09-19T17:03:53+00:00,2026-09-21T17:31:04.111274+00:00,demo-005,negative,synthetic_comment_simulation,True,user_057
2026-09-19,demo-003-44,44,Akhir chapter ini mengecewakan.,Akhir chapter ini mengecewakan.,20260919-0014,2026-09-19T15:56:17+00:00,2026-09-21T17:31:04.111274+00:00,demo-003,negative,synthetic_comment_simulation,True,user_035
2026-09-19,demo-001-31,31,Akhir chapter ini mengecewakan.,Akhir chapter ini mengecewakan.,20260919-0015,2026-09-19T11:44:07+00:00,2026-09-21T17:31:04.111274+00:00,demo-001,negative,synthetic_comment_simulation,True,user_114
2026-09-19,demo-005-27,27,"Art dan pertarungannya keren, tidak sabar lanjut.","Art dan pertarungannya keren, tidak sabar lanjut.",20260919-0016,2026-09-19T20:56:32+00:00,2026-09-21T17:31:04.111274+00:00,demo-005,positive,synthetic_comment_simulation,True,user_012
2026-09-19,demo-005-27,27,Art-nya menurun dibandingkan chapter sebelumnya.,Art-nya menurun dibandingkan chapter sebelumnya.,20260919-0017,2026-09-19T20:58:49+00:00,2026-09-21T17:31:04.111274+00:00,demo-005,negative,synthetic_comment_simulation,True,user_098
2026-09-19,demo-001-31,31,Akhir chapter ini mengecewakan.,Akhir chapter ini mengecewakan.,20260919-0018,2026-09-19T18:53:41+00:00,2026-09-21T17:31:04.111274+00:00,demo-001,negative,synthetic_comment_simulation,True,user_023
2026-09-19,demo-004-12,12,Akhir chapter ini mengecewakan.,Akhir chapter ini mengecewakan.,20260919-0019,2026-09-19T23:06:42+00:00,2026-09-21T17:31:04.111274+00:00,demo-004,negative,synthetic_comment_simulation,True,user_024
2026-09-19,demo-004-12,12,Art-nya menurun dibandingkan chapter sebelumnya.,Art-nya menurun dibandingkan chapter sebelumnya.,20260919-0020,2026-09-19T14:52:03+00:00,2026-09-21T17:31:04.111274+00:00,demo-004,negative,synthetic_comment_simulation,True,user_061
2026-09-19,demo-003-44,44,"Art dan pertarungannya keren, tidak sabar lanjut.","Art dan pertarungannya keren, tidak sabar lanjut.",20260919-0021,2026-09-19T12:00:28+00:00,2026-09-21T17:31:04.111274+00:00,demo-003,positive,synthetic_comment_simulation,True,user_014
2026-09-19,demo-004-12,12,Akhir chapter ini mengecewakan.,Akhir chapter ini mengecewakan.,20260919-0022,2026-09-19T20:01:42+00:00,2026-09-21T17:31:04.111274+00:00,demo-004,negative,synthetic_comment_simulation,True,user_037
2026-09-19,demo-001-31,31,Saya baru selesai membaca chapter ini.,Saya baru selesai membaca chapter ini.,20260919-0023,2026-09-19T11:46:12+00:00,2026-09-21T17:31:04.111274+00:00,demo-001,neutral,synthetic_comment_simulation,True,user_041
2026-09-19,demo-001-31,31,Chapter ini terasa terlalu lambat dan bertele-tele.,Chapter ini terasa terlalu lambat dan bertele-tele.,20260919-0024,2026-09-19T23:56:40+00:00,2026-09-21T17:31:04.111274+00:00,demo-001,negative,synthetic_comment_simulation,True,user_052
2026-09-19,demo-005-27,27,Bagian ini menjelaskan latar belakang karakter utama.,Bagian ini menjelaskan latar belakang karakter utama.,20260919-0025,2026-09-19T18:52:32+00:00,2026-09-21T17:31:04.111274+00:00,demo-005,neutral,synthetic_comment_simulation,True,user_007
2026-09-19,demo-003-44,44,Akhir chapter ini mengecewakan.,Akhir chapter ini mengecewakan.,20260919-0026,2026-09-19T01:52:44+00:00,2026-09-21T17:31:04.111274+00:00,demo-003,negative,synthetic_comment_simulation,True,user_064
2026-09-19,demo-002-18,18,Perkembangan karakternya terasa memuaskan.,Perkembangan karakternya terasa memuaskan.,20260919-0027,2026-09-19T15:57:04+00:00,2026-09-21T17:31:04.111274+00:00,demo-002,positive,synthetic_comment_simulation,True,user_017
2026-09-19,demo-004-12,12,"Art dan pertarungannya keren, tidak sabar lanjut.","Art dan pertarungannya keren, tidak sabar lanjut.",20260919-0028,2026-09-19T05:45:58+00:00,2026-09-21T17:31:04.111274+00:00,demo-004,positive,synthetic_comment_simulation,True,user_081
2026-09-19,demo-003-44,44,Alurnya mulai masuk ke konflik baru.,Alurnya mulai masuk ke konflik baru.,20260919-0029,2026-09-19T03:23:37+00:00,2026-09-21T17:31:04.111274+00:00,demo-003,neutral,synthetic_comment_simulation,True,user_071
2026-09-19,demo-002-18,18,Chapter ini terasa terlalu lambat dan bertele-tele.,Chapter ini terasa terlalu lambat dan bertele-tele.,20260919-0030,2026-09-19T16:48:02+00:00,2026-09-21T17:31:04.111274+00:00,demo-002,negative,synthetic_comment_simulation,True,user_117
2026-09-19,demo-001-31,31,Akhir chapter ini mengecewakan.,Akhir chapter ini mengecewakan.,20260919-0031,2026-09-19T10:37:34+00:00,2026-09-21T17:31:04.111274+00:00,demo-001,negative,synthetic_comment_simulation,True,user_020
2026-09-19,demo-005-27,27,Akhir chapter ini mengecewakan.,Akhir chapter ini mengecewakan.,20260919-0032,2026-09-19T17:11:34+00:00,2026-09-21T17:31:04.111274+00:00,demo-005,negative,synthetic_comment_simulation,True,user_054
2026-09-19,demo-002-18,18,Alurnya mulai masuk ke konflik baru.,Alurnya mulai masuk ke konflik baru.,20260919-0033,2026-09-19T06:56:23+00:00,2026-09-21T17:31:04.111274+00:00,demo-002,neutral,synthetic_comment_simulation,True,user_019
2026-09-19,demo-005-27,27,Bagian ini menjelaskan latar belakang karakter utama.,Bagian ini menjelaskan latar belakang karakter utama.,20260919-0034,2026-09-19T02:32:30+00:00,2026-09-21T17:31:04.111274+00:00,demo-005,neutral,synthetic_comment_simulation,True,user_113
2026-09-19,demo-003-44,44,Akhir chapter ini mengecewakan.,Akhir chapter ini mengecewakan.,20260919-0035,2026-09-19T12:22:28+00:00,2026-09-21T17:31:04.111274+00:00,demo-003,negative,synthetic_comment_simulation,True,user_110
2026-09-19,demo-005-27,27,Perkembangan karakternya terasa memuaskan.,Perkembangan karakternya terasa memuaskan.,20260919-0036,2026-09-19T10:52:12+00:00,2026-09-21T17:31:04.111274+00:00,demo-005,positive,synthetic_comment_simulation,True,user_001
2026-09-19,demo-005-27,27,Alurnya mulai masuk ke konflik baru.,Alurnya mulai masuk ke konflik baru.,20260919-0037,2026-09-19T05:24:36+00:00,2026-09-21T17:31:04.111274+00:00,demo-005,neutral,synthetic_comment_simulation,True,user_085
2026-09-19,demo-004-12,12,Saya baru selesai membaca chapter ini.,Saya baru selesai membaca chapter ini.,20260919-0038,2026-09-19T20:05:40+00:00,2026-09-21T17:31:04.111274+00:00,demo-004,neutral,synthetic_comment_simulation,True,user_045
2026-09-19,demo-005-27,27,Saya baru selesai membaca chapter ini.,Saya baru selesai membaca chapter ini.,20260919-0039,2026-09-19T06:52:07+00:00,2026-09-21T17:31:04.111274+00:00,demo-005,neutral,synthetic_comment_simulation,True,user_120
2026-09-20,demo-002-18,18,Alurnya mulai masuk ke konflik baru.,Alurnya mulai masuk ke konflik baru.,20260920-0000,2026-09-20T01:35:20+00:00,2026-09-21T17:31:04.111274+00:00,demo-002,neutral,synthetic_comment_simulation,True,user_030
2026-09-20,demo-003-44,44,Akhir chapter ini mengecewakan.,Akhir chapter ini mengecewakan.,20260920-0001,2026-09-20T14:03:24+00:00,2026-09-21T17:31:04.111274+00:00,demo-003,negative,synthetic_comment_simulation,True,user_091
2026-09-20,demo-002-18,18,Bagian ini menjelaskan latar belakang karakter utama.,Bagian ini menjelaskan latar belakang karakter utama.,20260920-0002,2026-09-20T18:17:16+00:00,2026-09-21T17:31:04.111274+00:00,demo-002,neutral,synthetic_comment_simulation,True,user_005
2026-09-20,demo-005-27,27,Akhir chapter-nya bagus dan bikin penasaran.,Akhir chapter-nya bagus dan bikin penasaran.,20260920-0003,2026-09-20T03:37:49+00:00,2026-09-21T17:31:04.111274+00:00,demo-005,positive,synthetic_comment_simulation,True,user_013
2026-09-20,demo-005-27,27,Keputusan karakter utamanya tidak masuk akal.,Keputusan karakter utamanya tidak masuk akal.,20260920-0004,2026-09-20T14:55:36+00:00,2026-09-21T17:31:04.111274+00:00,demo-005,negative,synthetic_comment_simulation,True,user_002
2026-09-20,demo-002-18,18,Perkembangan karakternya terasa memuaskan.,Perkembangan karakternya terasa memuaskan.,20260920-0005,2026-09-20T12:19:35+00:00,2026-09-21T17:31:04.111274+00:00,demo-002,positive,synthetic_comment_simulation,True,user_101
2026-09-20,demo-005-27,27,Chapter ini terasa terlalu lambat dan bertele-tele.,Chapter ini terasa terlalu lambat dan bertele-tele.,20260920-0006,2026-09-20T11:57:45+00:00,2026-09-21T17:31:04.111274+00:00,demo-005,negative,synthetic_comment_simulation,True,user_084
2026-09-20,demo-005-27,27,Alurnya mulai masuk ke konflik baru.,Alurnya mulai masuk ke konflik baru.,20260920-0007,2026-09-20T19:41:52+00:00,2026-09-21T17:31:04.111274+00:00,demo-005,neutral,synthetic_comment_simulation,True,user_041
2026-09-20,demo-001-31,31,Art-nya menurun dibandingkan chapter sebelumnya.,Art-nya menurun dibandingkan chapter sebelumnya.,20260920-0008,2026-09-20T08:16:57+00:00,2026-09-21T17:31:04.111274+00:00,demo-001,negative,synthetic_comment_simulation,True,user_031
2026-09-20,demo-001-31,31,Chapter berikutnya rilis kapan?,Chapter berikutnya rilis kapan?,20260920-0009,2026-09-20T16:09:13+00:00,2026-09-21T17:31:04.111274+00:00,demo-001,neutral,synthetic_comment_simulation,True,user_013
2026-09-20,demo-002-18,18,Chapter ini terasa terlalu lambat dan bertele-tele.,Chapter ini terasa terlalu lambat dan bertele-tele.,20260920-0010,2026-09-20T01:40:28+00:00,2026-09-21T17:31:04.111274+00:00,demo-002,negative,synthetic_comment_simulation,True,user_116
2026-09-20,demo-003-44,44,Art-nya menurun dibandingkan chapter sebelumnya.,Art-nya menurun dibandingkan chapter sebelumnya.,20260920-0011,2026-09-20T13:38:51+00:00,2026-09-21T17:31:04.111274+00:00,demo-003,negative,synthetic_comment_simulation,True,user_038
2026-09-20,demo-004-12,12,Akhir chapter-nya bagus dan bikin penasaran.,Akhir chapter-nya bagus dan bikin penasaran.,20260920-0012,2026-09-20T20:36:17+00:00,2026-09-21T17:31:04.111274+00:00,demo-004,positive,synthetic_comment_simulation,True,user_068
2026-09-20,demo-002-18,18,Akhir chapter-nya bagus dan bikin penasaran.,Akhir chapter-nya bagus dan bikin penasaran.,20260920-0013,2026-09-20T22:33:46+00:00,2026-09-21T17:31:04.111274+00:00,demo-002,positive,synthetic_comment_simulation,True,user_011
2026-09-20,demo-002-18,18,Bagian ini menjelaskan latar belakang karakter utama.,Bagian ini menjelaskan latar belakang karakter utama.,20260920-0014,2026-09-20T08:27:13+00:00,2026-09-21T17:31:04.111274+00:00,demo-002,neutral,synthetic_comment_simulation,True,user_075
2026-09-20,demo-004-12,12,Art-nya menurun dibandingkan chapter sebelumnya.,Art-nya menurun dibandingkan chapter sebelumnya.,20260920-0015,2026-09-20T00:20:31+00:00,2026-09-21T17:31:04.111274+00:00,demo-004,negative,synthetic_comment_simulation,True,user_059
2026-09-20,demo-004-12,12,Keputusan karakter utamanya tidak masuk akal.,Keputusan karakter utamanya tidak masuk akal.,20260920-0016,2026-09-20T02:41:21+00:00,2026-09-21T17:31:04.111274+00:00,demo-004,negative,synthetic_comment_simulation,True,user_087
2026-09-20,demo-004-12,12,Art-nya menurun dibandingkan chapter sebelumnya.,Art-nya menurun dibandingkan chapter sebelumnya.,20260920-0017,2026-09-20T23:15:46+00:00,2026-09-21T17:31:04.111274+00:00,demo-004,negative,synthetic_comment_simulation,True,user_076
2026-09-20,demo-004-12,12,Art-nya menurun dibandingkan chapter sebelumnya.,Art-nya menurun dibandingkan chapter sebelumnya.,20260920-0018,2026-09-20T07:15:11+00:00,2026-09-21T17:31:04.111274+00:00,demo-004,negative,synthetic_comment_simulation,True,user_059
2026-09-20,demo-004-12,12,Keputusan karakter utamanya tidak masuk akal.,Keputusan karakter utamanya tidak masuk akal.,20260920-0019,2026-09-20T13:53:06+00:00,2026-09-21T17:31:04.111274+00:00,demo-004,negative,synthetic_comment_simulation,True,user_014
2026-09-20,demo-005-27,27,Saya baru selesai membaca chapter ini.,Saya baru selesai membaca chapter ini.,20260920-0020,2026-09-20T00:47:55+00:00,2026-09-21T17:31:04.111274+00:00,demo-005,neutral,synthetic_comment_simulation,True,user_038
2026-09-20,demo-004-12,12,"Chapter ini seru banget, alurnya makin bagus.","Chapter ini seru banget, alurnya makin bagus.",20260920-0021,2026-09-20T22:04:42+00:00,2026-09-21T17:31:04.111274+00:00,demo-004,positive,synthetic_comment_simulation,True,user_073
2026-09-20,demo-004-12,12,Art-nya menurun dibandingkan chapter sebelumnya.,Art-nya menurun dibandingkan chapter sebelumnya.,20260920-0022,2026-09-20T08:22:42+00:00,2026-09-21T17:31:04.111274+00:00,demo-004,negative,synthetic_comment_simulation,True,user_116
2026-09-20,demo-005-27,27,Keputusan karakter utamanya tidak masuk akal.,Keputusan karakter utamanya tidak masuk akal.,20260920-0023,2026-09-20T22:36:21+00:00,2026-09-21T17:31:04.111274+00:00,demo-005,negative,synthetic_comment_simulation,True,user_029
2026-09-20,demo-003-44,44,Keputusan karakter utamanya tidak masuk akal.,Keputusan karakter utamanya tidak masuk akal.,20260920-0024,2026-09-20T22:52:25+00:00,2026-09-21T17:31:04.111274+00:00,demo-003,negative,synthetic_comment_simulation,True,user_093
2026-09-20,demo-001-31,31,Chapter ini terasa terlalu lambat dan bertele-tele.,Chapter ini terasa terlalu lambat dan bertele-tele.,20260920-0025,2026-09-20T11:14:52+00:00,2026-09-21T17:31:04.111274+00:00,demo-001,negative,synthetic_comment_simulation,True,user_083
2026-09-20,demo-004-12,12,"Art dan pertarungannya keren, tidak sabar lanjut.","Art dan pertarungannya keren, tidak sabar lanjut.",20260920-0026,2026-09-20T03:16:53+00:00,2026-09-21T17:31:04.111274+00:00,demo-004,positive,synthetic_comment_simulation,True,user_047
2026-09-20,demo-003-44,44,"Art dan pertarungannya keren, tidak sabar lanjut.","Art dan pertarungannya keren, tidak sabar lanjut.",20260920-0027,2026-09-20T07:18:38+00:00,2026-09-21T17:31:04.111274+00:00,demo-003,positive,synthetic_comment_simulation,True,user_054
2026-09-20,demo-002-18,18,Art-nya menurun dibandingkan chapter sebelumnya.,Art-nya menurun dibandingkan chapter sebelumnya.,20260920-0028,2026-09-20T19:19:39+00:00,2026-09-21T17:31:04.111274+00:00,demo-002,negative,synthetic_comment_simulation,True,user_113
2026-09-20,demo-005-27,27,Keputusan karakter utamanya tidak masuk akal.,Keputusan karakter utamanya tidak masuk akal.,20260920-0029,2026-09-20T09:21:21+00:00,2026-09-21T17:31:04.111274+00:00,demo-005,negative,synthetic_comment_simulation,True,user_107
2026-09-20,demo-004-12,12,Art-nya menurun dibandingkan chapter sebelumnya.,Art-nya menurun dibandingkan chapter sebelumnya.,20260920-0030,2026-09-20T04:11:35+00:00,2026-09-21T17:31:04.111274+00:00,demo-004,negative,synthetic_comment_simulation,True,user_038
2026-09-20,demo-004-12,12,Keputusan karakter utamanya tidak masuk akal.,Keputusan karakter utamanya tidak masuk akal.,20260920-0031,2026-09-20T14:28:09+00:00,2026-09-21T17:31:04.111274+00:00,demo-004,negative,synthetic_comment_simulation,True,user_019
2026-09-20,demo-005-27,27,Alurnya mulai masuk ke konflik baru.,Alurnya mulai masuk ke konflik baru.,20260920-0032,2026-09-20T00:30:24+00:00,2026-09-21T17:31:04.111274+00:00,demo-005,neutral,synthetic_comment_simulation,True,user_102
2026-09-20,demo-003-44,44,Saya baru selesai membaca chapter ini.,Saya baru selesai membaca chapter ini.,20260920-0033,2026-09-20T09:32:42+00:00,2026-09-21T17:31:04.111274+00:00,demo-003,neutral,synthetic_comment_simulation,True,user_059
2026-09-20,demo-005-27,27,Saya baru selesai membaca chapter ini.,Saya baru selesai membaca chapter ini.,20260920-0034,2026-09-20T03:56:41+00:00,2026-09-21T17:31:04.111274+00:00,demo-005,neutral,synthetic_comment_simulation,True,user_082
2026-09-20,demo-002-18,18,Saya baru selesai membaca chapter ini.,Saya baru selesai membaca chapter ini.,20260920-0035,2026-09-20T22:12:44+00:00,2026-09-21T17:31:04.111274+00:00,demo-002,neutral,synthetic_comment_simulation,True,user_080
2026-09-20,demo-002-18,18,Akhir chapter ini mengecewakan.,Akhir chapter ini mengecewakan.,20260920-0036,2026-09-20T11:00:08+00:00,2026-09-21T17:31:04.111274+00:00,demo-002,negative,synthetic_comment_simulation,True,user_082
2026-09-20,demo-004-12,12,"Chapter ini seru banget, alurnya makin bagus.","Chapter ini seru banget, alurnya makin bagus.",20260920-0037,2026-09-20T11:04:53+00:00,2026-09-21T17:31:04.111274+00:00,demo-004,positive,synthetic_comment_simulation,True,user_006
2026-09-20,demo-004-12,12,"Art dan pertarungannya keren, tidak sabar lanjut.","Art dan pertarungannya keren, tidak sabar lanjut.",20260920-0038,2026-09-20T14:09:00+00:00,2026-09-21T17:31:04.111274+00:00,demo-004,positive,synthetic_comment_simulation,True,user_031
2026-09-20,demo-004-12,12,Alurnya mulai masuk ke konflik baru.,Alurnya mulai masuk ke konflik baru.,20260920-0039,2026-09-20T21:23:03+00:00,2026-09-21T17:31:04.111274+00:00,demo-004,neutral,synthetic_comment_simulation,True,user_096
2026-09-21,demo-002-18,18,Chapter ini terasa terlalu lambat dan bertele-tele.,Chapter ini terasa terlalu lambat dan bertele-tele.,20260921-0000,2026-09-21T15:10:36+00:00,2026-09-21T17:31:04.111274+00:00,demo-002,negative,synthetic_comment_simulation,True,user_084
2026-09-21,demo-004-12,12,Chapter ini terasa terlalu lambat dan bertele-tele.,Chapter ini terasa terlalu lambat dan bertele-tele.,20260921-0001,2026-09-21T12:33:58+00:00,2026-09-21T17:31:04.111274+00:00,demo-004,negative,synthetic_comment_simulation,True,user_036
2026-09-21,demo-003-44,44,"Art dan pertarungannya keren, tidak sabar lanjut.","Art dan pertarungannya keren, tidak sabar lanjut.",20260921-0002,2026-09-21T15:34:22+00:00,2026-09-21T17:31:04.111274+00:00,demo-003,positive,synthetic_comment_simulation,True,user_057
2026-09-21,demo-003-44,44,Perkembangan karakternya terasa memuaskan.,Perkembangan karakternya terasa memuaskan.,20260921-0003,2026-09-21T09:54:42+00:00,2026-09-21T17:31:04.111274+00:00,demo-003,positive,synthetic_comment_simulation,True,user_088
2026-09-21,demo-003-44,44,"Art dan pertarungannya keren, tidak sabar lanjut.","Art dan pertarungannya keren, tidak sabar lanjut.",20260921-0004,2026-09-21T02:13:25+00:00,2026-09-21T17:31:04.111274+00:00,demo-003,positive,synthetic_comment_simulation,True,user_036
2026-09-21,demo-004-12,12,"Chapter ini seru banget, alurnya makin bagus.","Chapter ini seru banget, alurnya makin bagus.",20260921-0005,2026-09-21T00:55:14+00:00,2026-09-21T17:31:04.111274+00:00,demo-004,positive,synthetic_comment_simulation,True,user_028
2026-09-21,demo-003-44,44,"Art dan pertarungannya keren, tidak sabar lanjut.","Art dan pertarungannya keren, tidak sabar lanjut.",20260921-0006,2026-09-21T01:14:56+00:00,2026-09-21T17:31:04.111274+00:00,demo-003,positive,synthetic_comment_simulation,True,user_017
2026-09-21,demo-005-27,27,"Art dan pertarungannya keren, tidak sabar lanjut.","Art dan pertarungannya keren, tidak sabar lanjut.",20260921-0007,2026-09-21T05:58:52+00:00,2026-09-21T17:31:04.111274+00:00,demo-005,positive,synthetic_comment_simulation,True,user_028
2026-09-21,demo-002-18,18,Chapter ini terasa terlalu lambat dan bertele-tele.,Chapter ini terasa terlalu lambat dan bertele-tele.,20260921-0008,2026-09-21T05:02:51+00:00,2026-09-21T17:31:04.111274+00:00,demo-002,negative,synthetic_comment_simulation,True,user_077
2026-09-21,demo-002-18,18,Art-nya menurun dibandingkan chapter sebelumnya.,Art-nya menurun dibandingkan chapter sebelumnya.,20260921-0009,2026-09-21T14:32:11+00:00,2026-09-21T17:31:04.111274+00:00,demo-002,negative,synthetic_comment_simulation,True,user_070
2026-09-21,demo-002-18,18,"Chapter ini seru banget, alurnya makin bagus.","Chapter ini seru banget, alurnya makin bagus.",20260921-0010,2026-09-21T02:23:57+00:00,2026-09-21T17:31:04.111274+00:00,demo-002,positive,synthetic_comment_simulation,True,user_111
2026-09-21,demo-001-31,31,Bagian ini menjelaskan latar belakang karakter utama.,Bagian ini menjelaskan latar belakang karakter utama.,20260921-0011,2026-09-21T10:43:11+00:00,2026-09-21T17:31:04.111274+00:00,demo-001,neutral,synthetic_comment_simulation,True,user_101
2026-09-21,demo-003-44,44,"Chapter ini seru banget, alurnya makin bagus.","Chapter ini seru banget, alurnya makin bagus.",20260921-0012,2026-09-21T02:18:27+00:00,2026-09-21T17:31:04.111274+00:00,demo-003,positive,synthetic_comment_simulation,True,user_034
2026-09-21,demo-004-12,12,Chapter berikutnya rilis kapan?,Chapter berikutnya rilis kapan?,20260921-0013,2026-09-21T08:40:11+00:00,2026-09-21T17:31:04.111274+00:00,demo-004,neutral,synthetic_comment_simulation,True,user_096
2026-09-21,demo-004-12,12,Chapter ini terasa terlalu lambat dan bertele-tele.,Chapter ini terasa terlalu lambat dan bertele-tele.,20260921-0014,2026-09-21T08:13:42+00:00,2026-09-21T17:31:04.111274+00:00,demo-004,negative,synthetic_comment_simulation,True,user_066
2026-09-21,demo-005-27,27,"Chapter ini seru banget, alurnya makin bagus.","Chapter ini seru banget, alurnya makin bagus.",20260921-0015,2026-09-21T13:14:20+00:00,2026-09-21T17:31:04.111274+00:00,demo-005,positive,synthetic_comment_simulation,True,user_079
2026-09-21,demo-005-27,27,"Chapter ini seru banget, alurnya makin bagus.","Chapter ini seru banget, alurnya makin bagus.",20260921-0016,2026-09-21T01:06:26+00:00,2026-09-21T17:31:04.111274+00:00,demo-005,positive,synthetic_comment_simulation,True,user_083
2026-09-21,demo-004-12,12,Chapter ini terasa terlalu lambat dan bertele-tele.,Chapter ini terasa terlalu lambat dan bertele-tele.,20260921-0017,2026-09-21T08:55:30+00:00,2026-09-21T17:31:04.111274+00:00,demo-004,negative,synthetic_comment_simulation,True,user_055
2026-09-21,demo-004-12,12,Perkembangan karakternya terasa memuaskan.,Perkembangan karakternya terasa memuaskan.,20260921-0018,2026-09-21T11:04:25+00:00,2026-09-21T17:31:04.111274+00:00,demo-004,positive,synthetic_comment_simulation,True,user_011
2026-09-21,demo-002-18,18,Perkembangan karakternya terasa memuaskan.,Perkembangan karakternya terasa memuaskan.,20260921-0019,2026-09-21T06:56:02+00:00,2026-09-21T17:31:04.111274+00:00,demo-002,positive,synthetic_comment_simulation,True,user_036
2026-09-21,demo-005-27,27,Alurnya mulai masuk ke konflik baru.,Alurnya mulai masuk ke konflik baru.,20260921-0020,2026-09-21T01:48:19+00:00,2026-09-21T17:31:04.111274+00:00,demo-005,neutral,synthetic_comment_simulation,True,user_059
2026-09-21,demo-001-31,31,Keputusan karakter utamanya tidak masuk akal.,Keputusan karakter utamanya tidak masuk akal.,20260921-0021,2026-09-21T07:49:45+00:00,2026-09-21T17:31:04.111274+00:00,demo-001,negative,synthetic_comment_simulation,True,user_084
2026-09-21,demo-004-12,12,Art-nya menurun dibandingkan chapter sebelumnya.,Art-nya menurun dibandingkan chapter sebelumnya.,20260921-0022,2026-09-21T15:03:45+00:00,2026-09-21T17:31:04.111274+00:00,demo-004,negative,synthetic_comment_simulation,True,user_053
2026-09-21,demo-004-12,12,Chapter berikutnya rilis kapan?,Chapter berikutnya rilis kapan?,20260921-0023,2026-09-21T05:41:23+00:00,2026-09-21T17:31:04.111274+00:00,demo-004,neutral,synthetic_comment_simulation,True,user_094
2026-09-21,demo-004-12,12,Perkembangan karakternya terasa memuaskan.,Perkembangan karakternya terasa memuaskan.,20260921-0024,2026-09-21T17:21:34+00:00,2026-09-21T17:31:04.111274+00:00,demo-004,positive,synthetic_comment_simulation,True,user_033
2026-09-21,demo-002-18,18,Chapter ini terasa terlalu lambat dan bertele-tele.,Chapter ini terasa terlalu lambat dan bertele-tele.,20260921-0025,2026-09-21T01:39:38+00:00,2026-09-21T17:31:04.111274+00:00,demo-002,negative,synthetic_comment_simulation,True,user_061
2026-09-21,demo-001-31,31,Perkembangan karakternya terasa memuaskan.,Perkembangan karakternya terasa memuaskan.,20260921-0026,2026-09-21T14:46:40+00:00,2026-09-21T17:31:04.111274+00:00,demo-001,positive,synthetic_comment_simulation,True,user_013
2026-09-21,demo-002-18,18,Saya baru selesai membaca chapter ini.,Saya baru selesai membaca chapter ini.,20260921-0027,2026-09-21T12:11:49+00:00,2026-09-21T17:31:04.111274+00:00,demo-002,neutral,synthetic_comment_simulation,True,user_076
2026-09-21,demo-001-31,31,Alurnya mulai masuk ke konflik baru.,Alurnya mulai masuk ke konflik baru.,20260921-0028,2026-09-21T15:48:11+00:00,2026-09-21T17:31:04.111274+00:00,demo-001,neutral,synthetic_comment_simulation,True,user_112
2026-09-21,demo-001-31,31,Art-nya menurun dibandingkan chapter sebelumnya.,Art-nya menurun dibandingkan chapter sebelumnya.,20260921-0029,2026-09-21T06:24:05+00:00,2026-09-21T17:31:04.111274+00:00,demo-001,negative,synthetic_comment_simulation,True,user_077
2026-09-21,demo-001-31,31,Bagian ini menjelaskan latar belakang karakter utama.,Bagian ini menjelaskan latar belakang karakter utama.,20260921-0030,2026-09-21T11:57:19+00:00,2026-09-21T17:31:04.111274+00:00,demo-001,neutral,synthetic_comment_simulation,True,user_028
2026-09-21,demo-004-12,12,Perkembangan karakternya terasa memuaskan.,Perkembangan karakternya terasa memuaskan.,20260921-0031,2026-09-21T15:23:22+00:00,2026-09-21T17:31:04.111274+00:00,demo-004,positive,synthetic_comment_simulation,True,user_014
2026-09-21,demo-005-27,27,Saya baru selesai membaca chapter ini.,Saya baru selesai membaca chapter ini.,20260921-0032,2026-09-21T10:27:04+00:00,2026-09-21T17:31:04.111274+00:00,demo-005,neutral,synthetic_comment_simulation,True,user_098
2026-09-21,demo-002-18,18,Chapter ini terasa terlalu lambat dan bertele-tele.,Chapter ini terasa terlalu lambat dan bertele-tele.,20260921-0033,2026-09-21T11:05:11+00:00,2026-09-21T17:31:04.111274+00:00,demo-002,negative,synthetic_comment_simulation,True,user_109
2026-09-21,demo-003-44,44,Perkembangan karakternya terasa memuaskan.,Perkembangan karakternya terasa memuaskan.,20260921-0034,2026-09-21T16:46:33+00:00,2026-09-21T17:31:04.111274+00:00,demo-003,positive,synthetic_comment_simulation,True,user_035
2026-09-21,demo-003-44,44,Bagian ini menjelaskan latar belakang karakter utama.,Bagian ini menjelaskan latar belakang karakter utama.,20260921-0035,2026-09-21T10:18:34+00:00,2026-09-21T17:31:04.111274+00:00,demo-003,neutral,synthetic_comment_simulation,True,user_024
2026-09-21,demo-004-12,12,"Chapter ini seru banget, alurnya makin bagus.","Chapter ini seru banget, alurnya makin bagus.",20260921-0036,2026-09-21T01:40:13+00:00,2026-09-21T17:31:04.111274+00:00,demo-004,positive,synthetic_comment_simulation,True,user_095
2026-09-21,demo-005-27,27,Akhir chapter-nya bagus dan bikin penasaran.,Akhir chapter-nya bagus dan bikin penasaran.,20260921-0037,2026-09-21T06:12:20+00:00,2026-09-21T17:31:04.111274+00:00,demo-005,positive,synthetic_comment_simulation,True,user_054
2026-09-21,demo-002-18,18,Saya baru selesai membaca chapter ini.,Saya baru selesai membaca chapter ini.,20260921-0038,2026-09-21T14:08:30+00:00,2026-09-21T17:31:04.111274+00:00,demo-002,neutral,synthetic_comment_simulation,True,user_093
2026-09-21,demo-005-27,27,Chapter ini terasa terlalu lambat dan bertele-tele.,Chapter ini terasa terlalu lambat dan bertele-tele.,20260921-0039,2026-09-21T02:49:56+00:00,2026-09-21T17:31:04.111274+00:00,demo-005,negative,synthetic_comment_simulation,True,user_114
